anime_id,titulo,tipo,estudio_principal,ano,temporada,episodios,fonte,score_medio,membros,popularidade
1,Cowboy Bebop,TV,Sunrise,1998,Primavera,26,Original,8.78,1251960,39
5,Cowboy Bebop: Tengoku no Tobira,Filme,Bones,2001,Não aplicável,1,Original,8.39,273145,518
6,Trigun,TV,Madhouse,1998,Primavera,26,Manga,8.24,558913,201
16,Hachimitsu to Clover,TV,J.C.Staff,2005,Primavera,24,Manga,8.06,214499,687
19,Monster,TV,Madhouse,2004,Primavera,74,Manga,8.76,614100,169
20,Naruto,TV,Studio Pierrot,2002,Outono,220,Manga,7.91,1830540,8
24,School Rumble,TV,Studio Comet,2004,Outono,26,Manga,7.94,275464,514
27,Trinity Blood,TV,Gonzo,2005,Primavera,24,Light novel,7.32,158343,936
30,Neon Genesis Evangelion,TV,Gainax,1995,Outono,26,Original,8.32,1160651,54
31,Neon Genesis Evangelion: Death & Rebirth,Filme,Gainax,1997,Não aplicável,1,Original,7.45,180681,833
32,Neon Genesis Evangelion: The End of Evangelion,Filme,Gainax,1997,Não aplicável,1,Original,8.51,572080,195
33,Kenpuu Denki Berserk,TV,OLM,1997,Outono,25,Manga,8.49,432190,301
43,Koukaku Kidoutai,Filme,Production I.G,1995,Não aplicável,1,Manga,8.29,468279,265
44,Rurouni Kenshin: Meiji Kenkaku Romantan - Tsuioku-hen,OVA,Studio Deen,1999,Não aplicável,4,Manga,8.73,228484,637
45,Rurouni Kenshin: Meiji Kenkaku Romantan,TV,Gallop,1996,Inverno,94,Manga,8.31,386195,345
47,Akira,Filme,Tokyo Movie Shinsha,1988,Não aplicável,1,Manga,8.17,566538,197
48,.hack//Sign,TV,Bee Train,2002,Primavera,26,Original,6.98,158227,940
50,Aa! Megami-sama! (TV),TV,AIC,2005,Inverno,24,Manga,7.35,135747,1083
57,Beck,TV,Madhouse,2004,Outono,26,Manga,8.31,255668,570
59,Chobits,TV,Madhouse,2002,Primavera,26,Manga,7.43,402646,332
60,Chrno Crusade,TV,Gonzo,2003,Outono,24,Manga,7.66,198007,742
61,D.N.Angel,TV,Xebec,2003,Primavera,26,Manga,7.2,167615,891
63,DearS,TV,Daume,2004,Verão,12,Manga,6.62,128788,1146
64,Rozen Maiden,TV,Nomad,2004,Outono,12,Manga,7.44,176775,846
65,Rozen Maiden: Träumend,TV,Nomad,2005,Outono,12,Manga,7.65,93768,1479
66,Azumanga Daioh,TV,J.C.Staff,2002,Primavera,26,4-koma manga,7.98,262980,554
67,Basilisk: Kouga Ninpou Chou,TV,Gonzo,2005,Primavera,24,Manga,7.58,156661,940
68,Black Cat (TV),TV,Gonzo,2005,Outono,23,Manga,7.38,231668,622
71,Full Metal Panic!,TV,Gonzo,2002,Inverno,24,Light novel,7.65,411230,322
72,Full Metal Panic? Fumoffu,TV,Kyoto Animation,2003,Verão,12,Light novel,8.07,254465,571
73,Full Metal Panic! The Second Raid,TV,Kyoto Animation,2005,Verão,13,Light novel,7.96,227927,639
79,Shuffle!,TV,Asread,2005,Verão,24,Visual novel,7.09,240751,600
90,Mobile Suit Gundam Wing,TV,Sunrise,1995,Primavera,49,Original,7.72,132208,1118
93,Mobile Suit Gundam SEED,TV,Sunrise,2002,Outono,50,Original,7.79,140346,1057
97,Last Exile,TV,Gonzo,2003,Primavera,26,Original,7.82,149528,995
101,Air,TV,Kyoto Animation,2005,Inverno,12,Visual novel,7.32,259381,563
120,Fruits Basket,TV,Studio Deen,2001,Verão,26,Manga,7.69,420919,314
121,Fullmetal Alchemist,TV,Bones,2003,Outono,51,Manga,8.17,1151621,52
133,Green Green,TV,Studio Matrix,2003,Verão,12,Visual novel,6.21,106208,1333
134,Gunslinger Girl,TV,Madhouse,2003,Outono,13,Manga,7.42,161010,920
136,Hunter x Hunter,TV,Nippon Animation,1999,Outono,62,Manga,8.42,416227,319
145,Kareshi Kanojo no Jijou,TV,Gainax,1998,Outono,26,Manga,7.61,170539,875
147,Kimi ga Nozomu Eien,TV,Studio Fantasia,2003,Outono,14,Visual novel,7.24,123752,1187
149,Loveless,TV,J.C.Staff,2005,Primavera,12,Manga,6.86,121063,1215
150,Blood+,TV,Production I.G,2005,Outono,50,Original,7.66,317767,431
154,Shaman King,TV,Xebec,2001,Verão,64,Manga,7.78,294021,477
157,Mahou Sensei Negima!,TV,Xebec,2005,Inverno,26,Manga,6.98,121120,1208
164,Mononoke Hime,Filme,Studio Ghibli,1997,Não aplicável,1,Original,8.72,876813,91
169,Shingetsutan Tsukihime,TV,J.C.Staff,2003,Outono,12,Visual novel,6.91,135721,1086
170,Slam Dunk,TV,Toei Animation,1993,Outono,101,Manga,8.53,201203,728
174,Tenjou Tenge,TV,Madhouse,2004,Primavera,24,Manga,6.93,158482,934
177,Tsubasa Chronicle,TV,Bee Train,2005,Primavera,26,Manga,7.55,195978,759
185,Initial D First Stage,TV,Gallop,1998,Primavera,26,Manga,8.29,229315,638
186,Initial D Second Stage,TV,Pastel,1999,Outono,13,Manga,8.12,134642,1095
189,Love Hina,TV,Xebec,2000,Primavera,24,Manga,7.14,225891,645
190,Love Hina Again,OVA,Xebec,2002,Não aplicável,3,Manga,7.25,76962,1715
195,Onegai☆Teacher,TV,Daume,2002,Inverno,12,Original,7.17,147889,1008
199,Sen to Chihiro no Kamikakushi,Filme,Studio Ghibli,2001,Não aplicável,1,Original,8.83,1245727,41
202,Wolf's Rain,TV,Bones,2003,Inverno,26,Original,7.82,271685,528
205,Samurai Champloo,TV,Manglobe,2004,Primavera,26,Original,8.5,892196,86
223,Dragon Ball,TV,Toei Animation,1986,Inverno,153,Manga,8.0,735546,120
225,Dragon Ball GT,TV,Toei Animation,1996,Inverno,64,Manga,6.48,472177,262
226,Elfen Lied,TV,Arms,2004,Verão,13,Manga,7.56,1187921,49
227,FLCL,OVA,Gainax,2000,Não aplicável,6,Original,8.03,610114,171
228,Jigoku Shoujo,TV,Studio Deen,2005,Outono,26,Original,7.65,286869,490
232,Cardcaptor Sakura,TV,Madhouse,1998,Primavera,70,Manga,8.16,338021,405
237,Koukyoushihen Eureka Seven,TV,Bones,2005,Primavera,50,Original,8.09,379048,351
240,Genshiken,TV,Palm Studio,2004,Outono,12,Manga,7.66,150618,976
241,Girls Bravo: First Season,TV,AIC Spirits,2004,Verão,11,Manga,6.45,123337,1194
245,Great Teacher Onizuka,TV,Studio Pierrot,1999,Verão,43,Manga,8.7,589324,184
248,Ichigo 100%,TV,Madhouse,2005,Primavera,12,Manga,6.68,96555,1440
249,InuYasha,TV,Sunrise,2000,Outono,167,Manga,7.85,588434,187
256,Hoshi no Koe,OVA,CoMix Wave Films,2002,Não aplicável,1,Original,7.22,130748,1122
257,Ikkitousen,TV,J.C.Staff,2003,Verão,13,Manga,6.45,131435,1118
263,Hajime no Ippo,TV,Madhouse,2000,Outono,75,Manga,8.75,383603,345
268,Golden Boy,OVA,APPP,1995,Não aplicável,6,Manga,8.03,251683,579
269,Bleach,TV,Studio Pierrot,2004,Outono,366,Manga,7.8,1286382,33
270,Hellsing,TV,Gonzo,2001,Outono,13,Manga,7.5,549632,205
317,Final Fantasy VII: Advent Children,Filme,Square Enix,2005,Não aplicável,1,Jogo,7.76,191069,782
322,Paradise Kiss,TV,Madhouse,2005,Outono,12,Manga,7.83,150951,983
323,Mousou Dairinin,TV,Madhouse,2004,Inverno,13,Original,7.68,288459,489
330,Midori no Hibi,TV,Studio Pierrot,2004,Primavera,13,Manga,7.28,136704,1081
339,Serial Experiments Lain,TV,Triangle Staff,1998,Verão,13,Original,8.03,480696,255
355,Shakugan no Shana,TV,J.C.Staff,2005,Outono,24,Light novel,7.51,462389,279
356,Fate/stay night,TV,Studio Deen,2006,Inverno,24,Visual novel,7.34,730980,119
357,Bokusatsu Tenshi Dokuro-chan,OVA,Hal Film Maker,2005,Não aplicável,4,Light novel,6.59,168553,884
372,Cardcaptor Sakura Movie 2: Fuuin Sareta Card,Filme,Madhouse,2000,Não aplicável,1,Manga,8.22,96284,1448
376,"Elfen Lied: Tooriame nite Arui wa, Shoujo wa Ikani Shite Sono Shinjou ni Itatta ka? - Regenschauer",Especial,Arms,2005,Não aplicável,1,Manga,7.19,166365,897
384,Gantz,TV,Gonzo,2004,Primavera,13,Manga,7.05,285300,491
387,Haibane Renmei,TV,Radix,2002,Outono,13,Other,7.99,210376,700
392,Yuu☆Yuu☆Hakusho,TV,Studio Pierrot,1992,Outono,112,Manga,8.45,475397,257
395,Gantz 2nd Stage,TV,Gonzo,2004,Verão,13,Manga,7.08,135793,1096
405,Blood: The Last Vampire,Filme,Production I.G,2000,Não aplicável,1,Original,6.91,92672,1488
416,Kurenai no Buta,Filme,Studio Ghibli,1992,Não aplicável,1,Manga,7.98,166615,895
430,Fullmetal Alchemist: The Conqueror of Shamballa,Filme,Bones,2005,Não aplicável,1,Manga,7.57,279946,506
431,Howl no Ugoku Shiro,Filme,Studio Ghibli,2004,Não aplicável,1,Novel,8.67,847414,98
433,"Kumo no Mukou, Yakusoku no Basho",Filme,CoMix Wave Films,2004,Não aplicável,1,Original,7.56,177428,846
437,Perfect Blue,Filme,Madhouse,1998,Não aplicável,1,Novel,8.48,393287,342
442,Naruto Movie 1: Dai Katsugeki!! Yuki Hime Shinobu Houjou Dattebayo!,Filme,Studio Pierrot,2004,Não aplicável,1,Manga,7.1,215046,683
457,Mushishi,TV,Artland,2005,Outono,26,Manga,8.69,620736,167
467,Koukaku Kidoutai: Stand Alone Complex,TV,Production I.G,2002,Outono,26,Manga,8.45,326394,419
468,Innocence,Filme,Production I.G,2004,Não aplicável,1,Manga,7.82,133679,1112
469,Karin,TV,J.C.Staff,2005,Outono,24,Manga,7.17,153848,958
481,Yu☆Gi☆Oh! Duel Monsters,TV,Gallop,2000,Primavera,224,Manga,7.47,292991,484
482,Yu☆Gi☆Oh!: Duel Monsters GX,TV,Gallop,2004,Outono,180,Manga,7.16,162129,917
486,Kino no Tabi: The Beautiful World,TV,A.C.G.T.,2003,Primavera,13,Light novel,8.34,223758,650
512,Majo no Takkyuubin,Filme,Studio Ghibli,1989,Não aplicável,1,Novel,8.24,377814,350
513,Tenkuu no Shiro Laputa,Filme,Studio Ghibli,1986,Não aplicável,1,Original,8.31,335428,405
523,Tonari no Totoro,Filme,Studio Ghibli,1988,Não aplicável,1,Original,8.31,721786,121
527,Pokemon,TV,OLM,1997,Primavera,276,Jogo,7.34,464779,277
528,Pokemon Movie 01: Mewtwo no Gyakushuu,Filme,OLM,1998,Não aplicável,1,Jogo,7.63,195228,761
530,Bishoujo Senshi Sailor Moon,TV,Toei Animation,1992,Primavera,46,Manga,7.68,278409,514
543,Vampire Hunter D (2000),Filme,Madhouse,2000,Não aplicável,1,Light novel,7.89,126368,1174
550,Yu☆Gi☆Oh!,TV,Toei Animation,1998,Primavera,27,Manga,7.21,180785,831
552,Digimon Adventure,TV,Toei Animation,1999,Primavera,54,Other,7.79,325137,419
572,Kaze no Tani no Nausicaä,Filme,Topcraft,1984,Não aplicável,1,Manga,8.4,278500,513
578,Hotaru no Haka,Filme,Studio Ghibli,1988,Não aplicável,1,Novel,8.51,438214,293
585,Mimi wo Sumaseba,Filme,Studio Ghibli,1995,Não aplicável,1,Manga,8.23,226626,643
587,Hanbun no Tsuki ga Noboru Sora,TV,Group TAC,2006,Inverno,6,Light novel,7.52,87853,1561
594,Naruto: Takigakure no Shitou - Ore ga Eiyuu Dattebayo!,Especial,Studio Pierrot,2003,Não aplicável,1,Manga,6.76,73544,1762
597,Neko no Ongaeshi,Filme,Studio Ghibli,2002,Não aplicável,1,Other,7.8,188442,791
710,Rec,TV,Shaft,2006,Inverno,9,Manga,7.34,98911,1403
740,Bishoujo Senshi Sailor Moon R,TV,Toei Animation,1993,Primavera,43,Manga,7.69,120962,1213
759,Tokyo Godfathers,Filme,Madhouse,2003,Não aplicável,1,Original,8.29,198233,740
762,Bleach: Memories in the Rain,Especial,Studio Pierrot,2004,Não aplicável,1,Manga,7.15,105026,1346
777,Hellsing Ultimate,OVA,Madhouse,2006,Não aplicável,10,Manga,8.4,676023,143
790,Ergo Proxy,TV,Manglobe,2006,Inverno,23,Original,7.92,478552,249
801,Koukaku Kidoutai: Stand Alone Complex 2nd GIG,TV,Production I.G,2004,Inverno,26,Manga,8.54,191690,778
813,Dragon Ball Z,TV,Toei Animation,1989,Primavera,291,Manga,8.16,888982,88
834,Bleach: The Sealed Sword Frenzy,Especial,Studio Pierrot,2006,Não aplicável,1,Manga,6.98,97466,1419
846,School Rumble Ni Gakki,TV,Studio Comet,2006,Primavera,26,Manga,8.03,135499,1099
849,Suzumiya Haruhi no Yuuutsu,TV,Kyoto Animation,2006,Primavera,14,Light novel,7.88,745062,115
853,Ouran Koukou Host Club,TV,Bones,2006,Primavera,26,Manga,8.2,827960,102
856,Utawarerumono,TV,OLM,2006,Primavera,26,Visual novel,7.67,140221,1057
857,Air Gear,TV,Toei Animation,2006,Primavera,25,Manga,7.53,298135,474
861,xxxHOLiC,TV,Production I.G,2006,Primavera,24,Manga,8.01,249828,583
874,Digimon Tamers,TV,Toei Animation,2001,Primavera,51,Original,7.62,160643,927
877,Nana,TV,Madhouse,2006,Primavera,47,Manga,8.46,403296,328
889,Black Lagoon,TV,Madhouse,2006,Primavera,12,Manga,8.05,704436,133
894,Dragon Ball Z Movie 01: Ora no Gohan wo Kaese!!,Filme,Toei Animation,1989,Não aplicável,1,Manga,6.7,95872,1447
896,Dragon Ball Z Movie 03: Chikyuu Marugoto Choukessen,Filme,Toei Animation,1990,Não aplicável,1,Manga,6.73,103063,1359
898,Dragon Ball Z Movie 05: Tobikkiri no Saikyou tai Saikyou,Filme,Toei Animation,1991,Não aplicável,1,Manga,7.05,110075,1297
899,Dragon Ball Z Movie 06: Gekitotsu!! 100-oku Power no Senshi-tachi,Filme,Toei Animation,1992,Não aplicável,1,Manga,6.83,98029,1418
901,"Dragon Ball Z Movie 08: Moetsukiro!! Nessen, Ressen, Chougekisen",Filme,Toei Animation,1993,Não aplicável,1,Manga,7.34,123503,1192
903,Dragon Ball Z Movie 10: Kiken na Futari! Super Senshi wa Nemurenai,Filme,Toei Animation,1994,Não aplicável,1,Manga,6.81,100632,1390
905,Dragon Ball Z Movie 12: Fukkatsu no Fusion!! Gokuu to Vegeta,Filme,Toei Animation,1995,Não aplicável,1,Manga,7.55,110657,1289
918,Gintama,TV,Sunrise,2006,Primavera,201,Manga,8.96,754607,114
934,Higurashi no Naku Koro ni,TV,Studio Deen,2006,Primavera,26,Visual novel,7.95,638491,156
936,Naruto Movie 2: Dai Gekitotsu! Maboroshi no Chiteiiseki Dattebayo!,Filme,Studio Pierrot,2005,Não aplicável,1,Manga,6.88,172509,864
969,Tsubasa Chronicle 2nd Season,TV,Bee Train,2006,Primavera,26,Manga,7.6,104828,1348
1004,Kanojo to Kanojo no Neko,OVA,Unknown,2002,Não aplicável,1,Original,7.33,82209,1624
1033,Sennen Joyuu,Filme,Madhouse,2002,Não aplicável,1,Original,8.27,127210,1164
1117,Pokemon Movie 02: Maboroshi no Pokemon Lugia Bakutan,Filme,OLM,1999,Não aplicável,1,Jogo,7.36,145873,1022
1118,Pokemon Movie 03: Kesshoutou no Teiou Entei,Filme,OLM,2000,Não aplicável,1,Jogo,7.09,136843,1078
1119,Pokemon Movie 04: Celebi Toki wo Koeta Deai,Filme,OLM,2001,Não aplicável,1,Jogo,6.92,117119,1239
1132,Digimon Frontier,TV,Toei Animation,2002,Primavera,50,Original,7.15,127856,1155
1142,Hachimitsu to Clover II,TV,J.C.Staff,2006,Verão,12,Manga,8.26,90170,1525
1195,Zero no Tsukaima,TV,J.C.Staff,2006,Verão,13,Light novel,7.33,651195,147
1210,NHK ni Youkoso!,TV,Gonzo,2006,Verão,24,Novel,8.33,550365,203
1222,Bokura ga Ita,TV,Artland,2006,Verão,26,Manga,7.31,196379,759
1292,Afro Samurai,TV,Gonzo,2007,Primavera,5,Original,7.36,270362,528
1313,Digimon Adventure 02,TV,Toei Animation,2000,Primavera,50,Original,7.24,189045,791
1361,Final Fantasy: The Spirits Within,Filme,Square Enix,2001,Não aplicável,1,Jogo,6.37,65324,1886
1482,D.Gray-man,TV,TMS Entertainment,2006,Outono,103,Manga,8.05,567566,194
1519,Black Lagoon: The Second Barrage,TV,Madhouse,2006,Outono,12,Manga,8.19,380831,350
1530,Kanon (2006),TV,Kyoto Animation,2006,Outono,24,Visual novel,8.01,232486,621
1535,Death Note,TV,Madhouse,2006,Outono,37,Manga,8.63,2589552,1
1536,Busou Renkin,TV,Xebec,2006,Outono,26,Manga,7.35,152465,974
1559,Shijou Saikyou no Deshi Kenichi,TV,TMS Entertainment,2006,Outono,50,Manga,8.11,242355,597
1562,Yamato Nadeshiko Shichihenge♥,TV,Nippon Animation,2006,Outono,25,Manga,7.76,133452,1104
1564,Pokemon Advanced Generation,TV,OLM,2002,Outono,192,Jogo,7.09,139284,1066
1571,Ghost Hunt,TV,J.C.Staff,2006,Outono,25,Light novel,7.81,194354,766
1575,Code Geass: Hangyaku no Lelouch,TV,Sunrise,2006,Outono,25,Original,8.72,1583882,15
1594,Jigoku Shoujo Futakomori,TV,Studio Deen,2006,Outono,26,Original,7.93,133270,1103
1604,Katekyo Hitman Reborn!,TV,Artland,2006,Outono,203,Manga,8.18,461380,279
1639,Boku no Pico,OVA,Sugar Boy,2006,Não aplicável,1,Original,4.37,137560,1074
1686,Bleach Movie 1: Memories of Nobody,Filme,Studio Pierrot,2006,Não aplicável,1,Manga,7.45,222138,660
1689,Byousoku 5 Centimeter,Filme,CoMix Wave Films,2007,Não aplicável,3,Original,7.73,695375,136
1691,Kaze no Stigma,TV,Gonzo,2007,Primavera,24,Light novel,7.26,375013,353
1698,Nodame Cantabile,TV,J.C.Staff,2007,Inverno,23,Manga,8.32,262005,558
1699,Romeo x Juliet,TV,Gonzo,2007,Primavera,24,Livro,7.66,154988,957
1723,Clannad Movie,Filme,Toei Animation,2007,Não aplicável,1,Visual novel,7.25,143560,1030
1726,Devil May Cry,TV,Madhouse,2007,Verão,12,Jogo,6.98,260197,563
1735,Naruto: Shippuuden,TV,Studio Pierrot,2007,Inverno,500,Manga,8.16,1543765,18
1818,Claymore,TV,Madhouse,2007,Primavera,26,Manga,7.78,544135,208
1827,Seirei no Moribito,TV,Production I.G,2007,Primavera,26,Novel,8.17,177603,845
1829,Ged Senki,Filme,Studio Ghibli,2006,Não aplicável,1,Novel,6.95,107556,1317
1840,Zero no Tsukaima: Futatsuki no Kishi,TV,J.C.Staff,2007,Verão,12,Light novel,7.49,415292,319
1887,Lucky☆Star,TV,Kyoto Animation,2007,Primavera,24,4-koma manga,7.77,532794,218
1889,Higurashi no Naku Koro ni Kai,TV,Studio Deen,2007,Verão,24,Visual novel,8.23,385728,344
1943,Paprika,Filme,Madhouse,2006,Não aplicável,1,Novel,8.06,366533,361
1965,Sola,TV,Nomad,2007,Primavera,13,Manga,7.22,90680,1519
2001,Tengen Toppa Gurren Lagann,TV,Gainax,2007,Primavera,27,Original,8.66,1213765,46
2025,Darker than Black: Kuro no Keiyakusha,TV,Bones,2007,Primavera,25,Original,8.12,759790,113
2026,Hayate no Gotoku!,TV,SynergySP,2007,Primavera,52,Manga,7.58,193788,766
2034,Lovely★Complex,TV,Toei Animation,2007,Primavera,24,Manga,8.06,437765,299
2104,Seto no Hanayome,TV,Gonzo,2007,Primavera,26,Manga,7.75,271047,522
2129,True Tears,TV,P.A. Works,2008,Inverno,13,Original,7.36,184013,813
2131,Bokusatsu Tenshi Dokuro-chan 2,OVA,Hal Film Maker,2007,Não aplicável,2,Light novel,6.7,94945,1464
2144,Naruto Movie 3: Dai Koufun! Mikazuki Jima no Animaru Panikku Dattebayo!,Filme,Studio Pierrot,2006,Não aplicável,1,Manga,6.89,153236,968
2167,Clannad,TV,Kyoto Animation,2007,Outono,23,Visual novel,8.07,1095634,58
2236,Toki wo Kakeru Shoujo,Filme,Madhouse,2006,Não aplicável,1,Novel,8.2,619843,166
2251,Baccano!,TV,Brain's Base,2007,Verão,13,Light novel,8.42,714937,127
2404,Zombie-Loan,TV,Xebec,2007,Verão,11,Manga,6.89,124593,1185
2418,Stranger: Mukou Hadan,Filme,Bones,2007,Não aplicável,1,Original,8.31,259852,562
2472,Naruto: Shippuuden Movie 1,Filme,Studio Pierrot,2007,Não aplicável,1,Manga,7.29,211544,699
2476,School Days,TV,TNK,2007,Verão,12,Visual novel,5.68,522307,225
2581,Mobile Suit Gundam 00,TV,Sunrise,2007,Outono,25,Original,8.14,183997,806
2593,Kara no Kyoukai 1: Fukan Fuukei,Filme,ufotable,2007,Não aplicável,1,Light novel,7.64,324789,425
2605,Sayonara Zetsubou Sensei,TV,Shaft,2007,Verão,12,Manga,7.9,285103,493
2759,Evangelion: 1.0 You Are (Not) Alone,Filme,Khara,2007,Não aplicável,1,Original,8.07,367364,363
2787,Shakugan no Shana II (Second),TV,J.C.Staff,2007,Outono,24,Light novel,7.61,271165,531
2889,Bleach Movie 2: The DiamondDust Rebellion - Mou Hitotsu no Hyourinmaru,Filme,Studio Pierrot,2007,Não aplicável,1,Manga,7.45,196900,750
2890,Gake no Ue no Ponyo,Filme,Studio Ghibli,2008,Não aplicável,1,Original,7.89,363753,366
2904,Code Geass: Hangyaku no Lelouch R2,TV,Sunrise,2008,Primavera,25,Original,8.91,1268320,36
2923,Shugo Chara!,TV,Satelight,2007,Outono,51,Manga,7.43,182396,817
2924,ef: A Tale of Memories.,TV,Shaft,2007,Outono,12,Visual novel,7.95,220459,664
2926,Myself; Yourself,TV,Doga Kobo,2007,Outono,13,Visual novel,7.21,164171,902
2952,Final Fantasy VII: Advent Children Complete,OVA,Square Enix,2009,Não aplicável,1,Jogo,7.96,115540,1256
2961,Digimon Adventure Movie,Filme,Toei Animation,1999,Não aplicável,1,Original,7.57,96213,1448
2963,Minami-ke,TV,Daume,2007,Outono,13,Manga,7.69,150672,983
2966,Ookami to Koushinryou,TV,Imagin,2008,Inverno,13,Light novel,8.27,641448,153
2993,Rosario to Vampire,TV,Gonzo,2008,Inverno,13,Manga,6.84,545750,208
2994,Death Note: Rewrite,Especial,Madhouse,2007,Não aplicável,2,Manga,7.71,154021,965
3002,Gyakkyou Burai Kaiji: Ultimate Survivor,TV,Madhouse,2007,Outono,26,Manga,8.28,247228,592
3091,xxxHOLiC Kei,TV,Production I.G,2008,Primavera,13,Manga,8.25,116297,1244
3092,Junjou Romantica,TV,Studio Deen,2008,Primavera,12,Manga,7.65,204190,720
3167,Eve no Jikan,ONA,Studio Rikka,2008,Não aplicável,6,Original,8.08,153622,965
3228,Zoku Sayonara Zetsubou Sensei,TV,Shaft,2008,Inverno,13,Manga,7.93,112023,1282
3229,Kimi ga Aruji de Shitsuji ga Ore de,TV,A.C.G.T.,2008,Inverno,13,Visual novel,7.18,100075,1396
3342,Mnemosyne: Mnemosyne no Musume-tachi,TV,Xebec,2008,Inverno,6,Original,7.32,152677,971
3455,To LOVE-Ru,TV,Xebec,2008,Primavera,26,Manga,7.07,483606,245
3457,Vampire Knight,TV,Studio Deen,2008,Primavera,13,Manga,7.03,479832,254
3467,Nogizaka Haruka no Himitsu,TV,Diomedéa,2008,Verão,12,Light novel,7.24,117124,1234
3470,Special A,TV,Gonzo,2008,Primavera,24,Manga,7.56,297695,472
3503,Kanokon,TV,Xebec,2008,Primavera,12,Light novel,6.46,205957,713
3572,Macross F,TV,Satelight,2008,Primavera,25,Original,7.92,129291,1141
3588,Soul Eater,TV,Bones,2008,Primavera,51,Manga,7.88,1218423,43
3652,Higurashi no Naku Koro ni Rei,OVA,Studio Deen,2009,Não aplicável,5,Visual novel,7.44,155511,948
3655,Nabari no Ou,TV,J.C.Staff,2008,Primavera,26,Manga,7.29,147403,1007
3667,Strike Witches,TV,Gonzo,2008,Verão,12,Original,7.0,145016,1019
3702,Detroit Metal City,OVA,Studio 4°C,2008,Não aplicável,12,Manga,8.14,176291,847
3712,Zero no Tsukaima: Princesses no Rondo,TV,J.C.Staff,2008,Verão,12,Light novel,7.4,368587,360
3731,Itazura na Kiss,TV,TMS Entertainment,2008,Primavera,25,Manga,7.53,228881,627
3782,Kara no Kyoukai 2: Satsujin Kousatsu (Zen),Filme,ufotable,2007,Não aplicável,1,Light novel,7.84,190240,785
3783,Kara no Kyoukai 3: Tsuukaku Zanryuu,Filme,ufotable,2008,Não aplicável,1,Light novel,8.07,181309,828
3784,Evangelion: 2.0 You Can (Not) Advance,Filme,Khara,2009,Não aplicável,1,Original,8.35,350947,379
3785,Evangelion: 3.0 You Can (Not) Redo,Filme,Khara,2012,Não aplicável,1,Original,7.59,269675,531
3901,Baccano! Specials,Especial,Brain's Base,2008,Não aplicável,3,Light novel,8.15,152860,969
3927,Mobile Suit Gundam 00 Second Season,TV,Sunrise,2008,Outono,25,Original,8.11,127119,1167
3958,Kannagi,TV,A-1 Pictures,2008,Outono,13,Manga,7.32,137337,1076
4059,"Clannad: Mou Hitotsu no Sekai, Tomoyo-hen",Especial,Kyoto Animation,2008,Não aplicável,1,Visual novel,8.0,255959,569
4063,Sekirei,TV,Seven Arcs,2008,Verão,12,Manga,7.13,329432,419
4081,Natsume Yuujinchou,TV,Brain's Base,2008,Verão,13,Manga,8.33,412285,325
4107,Tengen Toppa Gurren Lagann Movie 1: Gurren-hen,Filme,Gainax,2008,Não aplicável,1,Original,8.17,130619,1132
4155,One Piece Film: Strong World,Filme,Toei Animation,2009,Não aplicável,1,Manga,8.17,173844,862
4181,Clannad: After Story,TV,Kyoto Animation,2008,Outono,24,Visual novel,8.96,915885,84
4182,Darker than Black: Kuro no Keiyakusha - Sakura no Hana no Mankai no Shita,Especial,Bones,2008,Não aplicável,1,Original,7.57,122287,1203
4186,Chrome Shelled Regios,TV,Zexcs,2009,Inverno,24,Light novel,7.35,178908,838
4214,Rosario to Vampire Capu2,TV,Gonzo,2008,Outono,13,Manga,6.98,343119,394
4224,Toradora!,TV,J.C.Staff,2008,Outono,25,Light novel,8.24,1567792,17
4280,Kara no Kyoukai 4: Garan no Dou,Filme,ufotable,2008,Não aplicável,1,Light novel,7.9,171241,871
4282,Kara no Kyoukai 5: Mujun Rasen,Filme,ufotable,2008,Não aplicável,1,Light novel,8.56,188403,788
4382,Suzumiya Haruhi no Yuuutsu (2009),TV,Kyoto Animation,2009,Primavera,14,Light novel,7.23,429192,307
4437,Naruto: Shippuuden Movie 2 - Kizuna,Filme,Studio Pierrot,2008,Não aplicável,1,Manga,7.29,188680,793
4472,Lucky☆Star: Original na Visual to Animation,OVA,Kyoto Animation,2008,Não aplicável,1,4-koma manga,7.82,115764,1248
4477,Nodame Cantabile: Paris-hen,TV,J.C.Staff,2008,Outono,11,Manga,8.17,107428,1321
4565,Tengen Toppa Gurren Lagann Movie 2: Lagann-hen,Filme,Gainax,2009,Não aplicável,1,Original,8.57,168762,876
4654,Toaru Majutsu no Index,TV,J.C.Staff,2008,Outono,24,Light novel,7.44,635900,161
4722,Skip Beat!,TV,Hal Film Maker,2008,Outono,25,Manga,8.13,219475,670
4725,Ga-Rei: Zero,TV,AIC Spirits,2008,Outono,12,Manga,7.64,205932,713
4744,Akaneiro ni Somaru Saka,TV,TNK,2008,Outono,12,Visual novel,6.47,133249,1116
4752,Vampire Knight: Guilty,TV,Studio Deen,2008,Outono,13,Manga,7.22,303271,464
4789,ef: A Tale of Melodies.,TV,Shaft,2008,Outono,12,Visual novel,8.04,146469,1016
4814,Junjou Romantica 2,TV,Studio Deen,2008,Outono,12,Manga,7.85,147349,1013
4835,Bleach Movie 3: Fade to Black - Kimi no Na wo Yobu,Filme,Studio Pierrot,2008,Não aplicável,1,Manga,7.52,184646,803
4896,Umineko no Naku Koro ni,TV,Studio Deen,2009,Verão,26,Visual novel,7.13,184571,807
4898,Kuroshitsuji,TV,A-1 Pictures,2008,Outono,24,Manga,7.75,875100,92
4901,Black Lagoon: Roberta's Blood Trail,OVA,Madhouse,2010,Não aplicável,5,Manga,8.05,208186,705
4975,ChäoS;HEAd,TV,Madhouse,2008,Outono,12,Visual novel,6.37,257868,567
4999,Asu no Yoichi!,TV,AIC,2009,Inverno,12,Manga,6.78,175294,852
5030,Maria†Holic,TV,Shaft,2009,Inverno,12,Manga,7.05,148265,1004
5040,One Outs,TV,Madhouse,2008,Outono,25,Manga,8.35,182471,819
5042,Kiss x Sis,OVA,feel.,2008,Não aplicável,12,Manga,6.93,256088,568
5060,Hetalia Axis Powers,ONA,Studio Deen,2009,Não aplicável,52,Web manga,7.39,221827,658
5081,Bakemonogatari,TV,Shaft,2009,Verão,15,Light novel,8.36,1063666,61
5112,Akikan!,TV,Brain's Base,2009,Inverno,12,Light novel,6.18,109315,1306
5114,Fullmetal Alchemist: Brotherhood,TV,Bones,2009,Primavera,64,Manga,9.19,2248456,3
5177,Denpa-teki na Kanojo,OVA,Brain's Base,2009,Não aplicável,2,Light novel,7.58,127456,1154
5204,Kara no Kyoukai 6: Boukyaku Rokuon,Filme,ufotable,2008,Não aplicável,1,Light novel,7.53,152996,966
5205,Kara no Kyoukai 7: Satsujin Kousatsu (Go),Filme,ufotable,2009,Não aplicável,1,Light novel,8.44,165332,902
5258,Hajime no Ippo: New Challenger,TV,Madhouse,2009,Inverno,26,Manga,8.67,201421,726
5277,Sekirei: Pure Engagement,TV,Seven Arcs,2010,Verão,13,Manga,7.36,197639,752
5300,Zoku Natsume Yuujinchou,TV,Brain's Base,2009,Inverno,13,Manga,8.57,200649,737
5341,Ookami to Koushinryou II,TV,Brain's Base,2009,Verão,12,Light novel,8.36,395939,336
5355,Sengoku Basara,TV,Production I.G,2009,Primavera,12,Jogo,7.39,139348,1062
5356,Canaan,TV,P.A. Works,2009,Verão,13,Visual novel,7.27,187094,798
5365,Tsumiki no Ie,Filme,Oh! Production,2008,Não aplicável,1,Original,8.08,77443,1710
5525,07-Ghost,TV,Studio Deen,2009,Primavera,25,Manga,7.24,183988,809
5530,Pandora Hearts,TV,Xebec,2009,Primavera,25,Manga,7.72,361650,368
5630,Higashi no Eden,TV,Production I.G,2009,Primavera,11,Original,7.83,464410,274
5667,To LOVE-Ru OVA,OVA,Xebec,2009,Não aplicável,6,Manga,7.31,141056,1050
5680,K-On!,TV,Kyoto Animation,2009,Primavera,13,4-koma manga,7.84,776322,108
5681,Summer Wars,Filme,Madhouse,2009,Não aplicável,1,Original,8.09,424384,311
5682,Phantom: Requiem for the Phantom,TV,Bee Train,2009,Primavera,26,Visual novel,8.01,270786,533
5690,Nodame Cantabile: Finale,TV,J.C.Staff,2010,Inverno,11,Manga,8.27,110315,1290
5764,Zero no Tsukaima: Princesses no Rondo - Yuuwaku no Sunahama,Especial,J.C.Staff,2008,Não aplicável,1,Light novel,7.28,79198,1675
5909,Seitokai no Ichizon,TV,Studio Deen,2009,Outono,12,Light novel,7.36,166937,894
5940,Seiken no Blacksmith,TV,Manglobe,2009,Outono,12,Light novel,6.74,148745,999
5958,Sora no Otoshimono,TV,AIC ASTA,2009,Outono,13,Manga,7.36,394109,338
6007,Ookami to Koushinryou II: Ookami to Kohakuiro no Yuuutsu,OVA,Brain's Base,2009,Não aplicável,1,Light novel,7.9,139341,1065
6033,Dragon Ball Kai,TV,Toei Animation,2009,Primavera,97,Manga,7.73,269840,536
6045,Kimi ni Todoke,TV,Production I.G,2009,Outono,25,Manga,8.02,648101,148
6114,Rainbow: Nisha Rokubou no Shichinin,TV,Madhouse,2010,Primavera,26,Manga,8.52,304557,466
6166,Asobi ni Iku yo!,TV,AIC PLUS+,2010,Verão,12,Light novel,6.65,162121,917
6201,Princess Lover!,TV,GoHands,2009,Verão,12,Visual novel,6.79,175850,852
6205,Kämpfer,TV,Nomad,2009,Outono,12,Light novel,6.45,237051,613
6211,Tokyo Magnitude 8.0,TV,Bones,2009,Verão,11,Original,8.06,237316,611
6213,Toaru Kagaku no Railgun,TV,J.C.Staff,2009,Outono,24,Manga,7.72,458949,281
6324,Omamori Himari,TV,Zexcs,2010,Inverno,12,Manga,6.93,201739,729
6325,Naruto: Shippuuden Movie 3 - Hi no Ishi wo Tsugu Mono,Filme,Studio Pierrot,2009,Não aplicável,1,Manga,7.35,148239,1006
6347,Baka to Test to Shoukanjuu,TV,SILVER LINK.,2010,Inverno,13,Light novel,7.6,529741,221
6351,"Clannad: After Story - Mou Hitotsu no Sekai, Kyou-hen",Especial,Kyoto Animation,2009,Não aplicável,1,Visual novel,7.85,220084,661
6372,Higashi no Eden Movie I: The King of Eden,Filme,Production I.G,2009,Não aplicável,1,Original,7.6,145977,1018
6421,Fullmetal Alchemist: Brotherhood Specials,Especial,Bones,2009,Não aplicável,4,Manga,8.03,127139,1170
6500,Seikon no Qwaser,TV,Hoods Entertainment,2010,Inverno,24,Manga,6.45,263615,553
6512,Nyan Koi!,TV,AIC,2009,Outono,12,Manga,7.2,223345,649
6547,Angel Beats!,TV,P.A. Works,2010,Primavera,13,Original,8.15,1591773,15
6573,Darker than Black: Ryuusei no Gemini,TV,Bones,2009,Outono,12,Original,7.48,349653,381
6594,Katanagatari,TV,White Fox,2010,Inverno,12,Light novel,8.36,442694,291
6637,Higashi no Eden Movie II: Paradise Lost,Filme,Production I.G,2010,Não aplicável,1,Original,7.63,125403,1177
6675,Redline,Filme,Madhouse,2009,Não aplicável,1,Original,8.29,259301,563
6682,11eyes,TV,Doga Kobo,2009,Outono,12,Visual novel,6.16,207294,710
6702,Fairy Tail,TV,Satelight,2009,Outono,175,Manga,7.68,1312470,32
6707,Kuroshitsuji II,TV,A-1 Pictures,2010,Verão,12,Manga,7.22,437730,298
6746,Durarara!!,TV,Brain's Base,2010,Inverno,24,Light novel,8.18,1111256,57
6747,Dance in the Vampire Bund,TV,Shaft,2010,Inverno,12,Manga,7.06,189926,781
6773,Shakugan no Shana III (Final),TV,J.C.Staff,2011,Outono,24,Light novel,7.56,205429,716
6811,InuYasha: Kanketsu-hen,TV,Sunrise,2009,Outono,26,Manga,8.22,213386,692
6862,K-On!: Live House!,Especial,Kyoto Animation,2010,Não aplicável,1,4-koma manga,7.83,123425,1197
6880,Deadman Wonderland,TV,Manglobe,2011,Primavera,12,Manga,7.22,946514,79
6895,Hakuouki,TV,Studio Deen,2010,Primavera,12,Visual novel,7.41,142384,1040
6922,Fate/stay night Movie: Unlimited Blade Works,Filme,Studio Deen,2010,Não aplicável,1,Visual novel,7.41,175627,849
6956,Working!!,TV,A-1 Pictures,2010,Primavera,13,4-koma manga,7.7,357762,375
6987,Aki-Sora,OVA,Hoods Entertainment,2009,Não aplicável,1,Manga,5.99,95907,1445
7054,Kaichou wa Maid-sama!,TV,J.C.Staff,2010,Primavera,26,Manga,8.06,883462,90
7059,Black★Rock Shooter (OVA),OVA,Ordet,2010,Não aplicável,1,Other,7.12,161876,916
7088,Ichiban Ushiro no Daimaou,TV,Artland,2010,Primavera,12,Light novel,6.89,400743,333
7148,Ladies versus Butlers!,TV,Xebec,2010,Inverno,12,Light novel,6.64,173270,864
7311,Suzumiya Haruhi no Shoushitsu,Filme,Kyoto Animation,2010,Não aplicável,1,Light novel,8.65,486871,243
7338,Darker than Black: Kuro no Keiyakusha Gaiden,Especial,Bones,2010,Não aplicável,4,Original,7.97,219609,664
7465,Eve no Jikan (Movie),Filme,Studio Rikka,2010,Não aplicável,1,Original,8.05,106255,1328
7472,Gintama Movie 1: Shinyaku Benizakura-hen,Filme,Sunrise,2010,Não aplicável,1,Manga,8.52,116327,1243
7592,Nurarihyon no Mago,TV,Studio Deen,2010,Verão,24,Manga,7.65,222742,659
7593,Kiss x Sis (TV),TV,feel.,2010,Primavera,12,Manga,6.71,437709,292
7647,Arakawa Under the Bridge,TV,Shaft,2010,Primavera,13,Manga,7.6,289994,485
7674,Bakuman.,TV,J.C.Staff,2010,Outono,25,Manga,8.23,490554,242
7711,Karigurashi no Arrietty,Filme,Studio Ghibli,2010,Não aplicável,1,Novel,7.94,229972,629
7724,Shiki,TV,Daume,2010,Verão,22,Manga,7.79,465342,272
7769,Ookami-san to Shichinin no Nakama-tachi,TV,J.C.Staff,2010,Verão,12,Light novel,7.22,235671,614
7785,Yojouhan Shinwa Taikei,TV,Madhouse,2010,Primavera,11,Novel,8.61,307558,454
7791,K-On!!,TV,Kyoto Animation,2010,Primavera,26,4-koma manga,8.15,509434,233
7817,B-gata H-kei,TV,Hal Film Maker,2010,Primavera,12,4-koma manga,6.94,323103,423
7858,Sora no Otoshimono: Project Pink,OVA,AIC ASTA,2010,Não aplicável,1,Manga,7.43,94540,1470
8074,Highschool of the Dead,TV,Madhouse,2010,Verão,12,Manga,7.15,1108591,55
8086,Densetsu no Yuusha no Densetsu,TV,Zexcs,2010,Verão,24,Light novel,7.6,244977,594
8129,Kuragehime,TV,Brain's Base,2010,Outono,11,Manga,8.13,183836,815
8142,Colorful (Movie),Filme,Sunrise,2010,Não aplicável,1,Novel,7.83,144435,1030
8246,Naruto: Shippuuden Movie 4 - The Lost Tower,Filme,Studio Pierrot,2010,Não aplicável,1,Manga,7.42,172051,869
8247,Bleach Movie 4: Jigoku-hen,Filme,Studio Pierrot,2010,Não aplicável,1,Manga,7.61,159332,931
8277,Hyakka Ryouran: Samurai Girls,TV,Arms,2010,Outono,12,Light novel,6.83,152082,973
8407,Sora no Otoshimono: Forte,TV,AIC ASTA,2010,Outono,12,Manga,7.55,245833,592
8408,Durarara!! Specials,Especial,Brain's Base,2010,Não aplicável,2,Light novel,7.9,148814,995
8424,MM!,TV,Xebec,2010,Outono,12,Light novel,7.12,204287,716
8425,Gosick,TV,Bones,2011,Inverno,24,Light novel,8.1,428699,307
8460,Mirai Nikki OVA,OVA,Asread,2010,Não aplicável,1,Manga,7.27,188685,787
8516,Baka to Test to Shoukanjuu Ni!,TV,SILVER LINK.,2011,Verão,13,Light novel,7.76,315295,439
8525,Kami nomi zo Shiru Sekai,TV,Manglobe,2010,Outono,12,Manga,7.73,510719,230
8536,Fortune Arterial: Akai Yakusoku,TV,feel.,2010,Outono,12,Visual novel,6.73,102584,1368
8557,Shinryaku! Ika Musume,TV,Diomedéa,2010,Outono,12,Manga,7.46,159116,931
8630,Hidan no Aria,TV,J.C.Staff,2011,Primavera,12,Light novel,6.88,311122,450
8675,Seitokai Yakuindomo,TV,GoHands,2010,Verão,13,4-koma manga,7.6,394763,337
8676,Amagami SS,TV,AIC,2010,Verão,25,Visual novel,7.36,289597,487
8769,Ore no Imouto ga Konnani Kawaii Wake ga Nai,TV,AIC Build,2010,Outono,12,Light novel,7.1,565710,196
8795,Panty & Stocking with Garterbelt,TV,Gainax,2010,Outono,13,Original,7.73,295370,478
8841,Kore wa Zombie Desu ka?,TV,Studio Deen,2011,Inverno,12,Light novel,7.43,526740,223
8861,"Yosuga no Sora: In Solitude, Where We Are Least Alone.",TV,feel.,2010,Outono,12,Visual novel,6.26,359136,369
8888,Code Geass: Boukoku no Akito 1 - Yokuryuu wa Maiorita,Filme,Sunrise,2012,Não aplicável,1,Original,7.41,150559,986
8937,Toaru Majutsu no Index II,TV,J.C.Staff,2010,Outono,24,Light novel,7.61,366426,364
9041,IS: Infinite Stratos,TV,8bit,2011,Inverno,12,Light novel,6.75,503818,236
9062,Angel Beats! Specials,Especial,P.A. Works,2010,Não aplicável,2,Original,7.62,228938,635
9074,Arakawa Under the Bridge x Bridge,TV,Shaft,2010,Outono,13,Manga,7.75,136905,1082
9135,Fullmetal Alchemist: The Sacred Star of Milos,Filme,Bones,2011,Não aplicável,1,Manga,7.32,150535,980
9181,Motto To LOVE-Ru,TV,Xebec,2010,Outono,12,Manga,7.34,259545,565
9253,Steins;Gate,TV,White Fox,2011,Primavera,24,Visual novel,9.11,1771162,9
9260,Kizumonogatari I: Tekketsu-hen,Filme,Shaft,2016,Não aplicável,1,Light novel,8.4,371083,358
9289,Hanasaku Iroha,TV,P.A. Works,2011,Primavera,26,Original,7.95,266837,538
9330,Dragon Crisis!,TV,Studio Deen,2011,Inverno,12,Light novel,6.7,149382,992
9331,Yumekui Merry,TV,J.C.Staff,2011,Inverno,13,Manga,6.95,123078,1200
9366,Kaichou wa Maid-sama!: Omake dayo!,Especial,J.C.Staff,2011,Não aplicável,1,Manga,7.49,98556,1411
9367,Freezing,TV,A.C.G.T.,2011,Inverno,12,Manga,6.91,268974,531
9379,Denpa Onna to Seishun Otoko,TV,Shaft,2011,Primavera,12,Light novel,7.18,249947,584
9471,Baka to Test to Shoukanjuu: Matsuri,OVA,SILVER LINK.,2011,Não aplicável,2,Light novel,7.62,109227,1305
9513,Beelzebub,TV,Pierrot Plus,2011,Inverno,60,Manga,7.91,462977,280
9515,Highschool of the Dead: Drifters of the Dead,OVA,Madhouse,2011,Não aplicável,1,Manga,6.64,242026,599
9617,K-On! Movie,Filme,Kyoto Animation,2011,Não aplicável,1,4-koma manga,8.33,238850,607
9656,Kimi ni Todoke 2nd Season,TV,Production I.G,2011,Inverno,12,Manga,8.01,334486,409
9734,K-On!!: Keikaku!,Especial,Kyoto Animation,2011,Não aplicável,1,Original,7.84,95669,1461
9736,Astarotte no Omocha!,TV,Diomedéa,2011,Primavera,12,Manga,6.59,121641,1210
9756,Mahou Shoujo Madoka★Magica,TV,Shaft,2011,Inverno,12,Original,8.38,971621,74
9760,Hoshi wo Ou Kodomo,Filme,CoMix Wave Films,2011,Não aplicável,1,Original,7.58,164081,909
9790,Sora no Otoshimono: Tokeijikake no Angeloid,Filme,AIC ASTA,2011,Não aplicável,1,Manga,7.62,114652,1258
9919,Ao no Exorcist,TV,A-1 Pictures,2011,Primavera,25,Manga,7.59,1417630,25
9926,Sekaiichi Hatsukoi,TV,Studio Deen,2011,Primavera,12,Manga,7.79,173696,861
9936,Maken-Ki!,TV,AIC Spirits,2011,Outono,12,Manga,6.41,216749,680
9941,Tiger & Bunny,TV,Sunrise,2011,Primavera,25,Original,7.94,182872,814
9969,Gintama',TV,Sunrise,2011,Primavera,51,Manga,9.08,365579,362
9982,Fairy Tail OVA,OVA,Satelight,2011,Não aplicável,5,Manga,7.52,141895,1045
9989,Ano Hi Mita Hana no Namae wo Bokutachi wa Mada Shiranai.,TV,A-1 Pictures,2011,Primavera,11,Original,8.42,1157747,53
10012,Carnival Phantasm,OVA,Lerche,2011,Não aplicável,12,Manga,7.89,150806,978
10020,Ore no Imouto ga Konnani Kawaii Wake ga Nai Specials,ONA,AIC Build,2011,Não aplicável,4,Light novel,7.42,162153,916
10029,Coquelicot-zaka kara,Filme,Studio Ghibli,2011,Não aplicável,1,Manga,7.85,123073,1194
10030,Bakuman. 2nd Season,TV,J.C.Staff,2011,Outono,25,Manga,8.4,289356,488
10049,Nurarihyon no Mago: Sennen Makyou,TV,Studio Deen,2011,Verão,24,Manga,8.0,135878,1093
10067,Angel Beats!: Another Epilogue,Especial,P.A. Works,2010,Não aplicável,1,Original,7.49,208751,708
10079,Hoshizora e Kakaru Hashi,TV,Doga Kobo,2011,Primavera,12,Visual novel,6.78,146642,1016
10080,Kami nomi zo Shiru Sekai II,TV,Manglobe,2011,Primavera,12,Manga,7.94,325315,423
10087,Fate/Zero,TV,ufotable,2011,Outono,13,Light novel,8.34,1090273,59
10110,Mayo Chiki!,TV,feel.,2011,Verão,13,Light novel,7.31,391433,341
10155,Dog Days,TV,Seven Arcs,2011,Primavera,13,Original,6.96,163866,908
10161,No.6,TV,Bones,2011,Verão,11,Novel,7.58,325787,419
10162,Usagi Drop,TV,Production I.G,2011,Verão,11,Manga,8.43,391626,339
10163,C: The Money of Soul and Possibility Control,TV,Tatsunoko Production,2011,Primavera,11,Original,7.25,250212,582
10165,Nichijou,TV,Kyoto Animation,2011,Primavera,26,Manga,8.48,647924,153
10209,Kore wa Zombie Desu ka? OVA,OVA,Studio Deen,2011,Não aplicável,2,Light novel,7.42,116101,1247
10213,Maji de Watashi ni Koi Shinasai!,TV,Lerche,2011,Outono,12,Visual novel,6.77,231553,623
10218,Berserk: Ougon Jidai-hen I - Haou no Tamago,Filme,Studio 4°C,2012,Não aplicável,1,Manga,7.76,165180,903
10271,Gyakkyou Burai Kaiji: Hakairoku-hen,TV,Madhouse,2011,Primavera,26,Manga,8.25,140118,1061
10321,Uta no☆Prince-sama♪ Maji Love 1000%,TV,A-1 Pictures,2011,Verão,13,Visual novel,7.1,167818,882
10379,Natsume Yuujinchou San,TV,Brain's Base,2011,Verão,13,Manga,8.6,200904,738
10396,Ben-To,TV,David Production,2011,Outono,12,Light novel,7.28,267602,537
10397,Mashiro-iro Symphony: The Color of Lovers,TV,Manglobe,2011,Outono,12,Visual novel,7.11,130036,1137
10408,Hotarubi no Mori e,Filme,Brain's Base,2011,Não aplicável,1,Manga,8.38,567617,199
10418,Deadman Wonderland: Akai Knife Tsukai,OVA,Manglobe,2011,Não aplicável,1,Manga,6.98,117178,1242
10490,Blood-C,TV,Production I.G,2011,Verão,12,Manga,6.56,255157,573
10495,Yuru Yuri,TV,Doga Kobo,2011,Verão,12,Manga,7.6,279284,511
10521,Working'!!,TV,A-1 Pictures,2011,Outono,13,4-koma manga,7.87,219037,672
10568,Kamisama no Memochou,TV,J.C.Staff,2011,Verão,12,Light novel,7.54,205012,715
10578,C³,TV,SILVER LINK.,2011,Outono,12,Light novel,6.66,154898,952
10588,Persona 4 the Animation,TV,AIC ASTA,2011,Outono,25,Jogo,7.52,221067,662
10589,Naruto: Shippuuden Movie 5 - Blood Prison,Filme,Studio Pierrot,2011,Não aplicável,1,Manga,7.46,160912,925
10620,Mirai Nikki,TV,Asread,2011,Outono,26,Manga,7.54,1533289,19
10711,Plastic Neesan,ONA,TYO Animations,2011,Não aplicável,12,Manga,7.26,161850,924
10719,Boku wa Tomodachi ga Sukunai,TV,AIC Build,2011,Outono,12,Light novel,7.27,637856,156
10721,Mawaru Penguindrum,TV,Brain's Base,2011,Verão,24,Original,7.98,248060,588
10790,Kore wa Zombie Desu ka? of the Dead,TV,Studio Deen,2012,Primavera,10,Light novel,7.56,322201,432
10793,Guilty Crown,TV,Production I.G,2011,Outono,22,Original,7.52,950798,75
10794,IS: Infinite Stratos Encore - Koi ni Kogareru Rokujuusou,OVA,8bit,2011,Não aplicável,1,Light novel,6.92,99719,1399
10800,Chihayafuru,TV,Madhouse,2011,Outono,25,Manga,8.23,348658,389
10805,Kami nomi zo Shiru Sekai: 4-nin to Idol,OVA,Manglobe,2011,Não aplicável,1,Manga,7.32,90923,1518
10863,Steins;Gate: Oukoubakko no Poriomania,Especial,White Fox,2012,Não aplicável,1,Visual novel,8.34,338678,397
10897,Boku wa Tomodachi ga Sukunai Episode 0,OVA,AIC Build,2011,Não aplicável,1,Light novel,6.75,106075,1333
11013,Inu x Boku SS,TV,David Production,2012,Inverno,12,Manga,7.46,404817,331
11061,Hunter x Hunter (2011),TV,Madhouse,2011,Outono,148,Manga,9.1,1673924,12
11111,Another,TV,P.A. Works,2012,Inverno,12,Light novel,7.55,1219780,45
11179,Papa no Iukoto wo Kikinasai!,TV,feel.,2012,Inverno,12,Light novel,7.33,162399,914
11235,Amagami SS+ Plus,TV,AIC,2012,Inverno,13,Visual novel,7.44,131666,1126
11266,Ao no Exorcist: Kuro no Iede,Especial,A-1 Pictures,2011,Não aplicável,1,Manga,7.31,109719,1304
11285,Black★Rock Shooter (TV),TV,Ordet,2012,Inverno,8,Other,6.85,302397,466
11319,Zero no Tsukaima F,TV,J.C.Staff,2012,Inverno,12,Light novel,7.52,333447,412
11433,Ano Natsu de Matteru,TV,J.C.Staff,2012,Inverno,12,Original,7.49,306842,455
11499,Sankarea,TV,Studio Deen,2012,Primavera,12,Manga,7.36,464331,270
11553,Toradora!: Bentou no Gokui,Especial,J.C.Staff,2011,Não aplicável,1,Light novel,7.46,138510,1075
11577,Steins;Gate Movie: Fuka Ryouiki no Déjà vu,Filme,White Fox,2013,Não aplicável,1,Visual novel,8.5,446967,288
11597,Nisemonogatari,TV,Shaft,2012,Inverno,11,Light novel,8.18,572431,195
11617,High School DxD,TV,TNK,2012,Inverno,12,Light novel,7.4,995532,68
11633,Blood Lad,TV,Brain's Base,2013,Verão,10,Manga,7.33,535363,217
11665,Natsume Yuujinchou Shi,TV,Brain's Base,2012,Inverno,13,Manga,8.67,193052,774
11701,Another: The Other - Inga,OVA,P.A. Works,2012,Não aplicável,1,Novel,7.32,152735,966
11703,Code:Breaker,TV,Kinema Citrus,2012,Outono,13,Manga,6.8,257812,568
11737,Ao no Exorcist Movie,Filme,A-1 Pictures,2012,Não aplicável,1,Manga,7.64,213436,688
11741,Fate/Zero 2nd Season,TV,ufotable,2012,Primavera,12,Light novel,8.59,808294,105
11757,Sword Art Online,TV,A-1 Pictures,2012,Verão,25,Light novel,7.25,2214395,4
11759,Accel World,TV,Sunrise,2012,Primavera,24,Light novel,7.32,598685,178
11761,Medaka Box,TV,Gainax,2012,Primavera,12,Manga,7.07,203806,723
11771,Kuroko no Basket,TV,Production I.G,2012,Primavera,25,Manga,8.15,810207,104
11785,Haiyore! Nyaruko-san,TV,Xebec,2012,Primavera,12,Light novel,7.07,284937,496
11843,Danshi Koukousei no Nichijou,TV,Sunrise,2012,Inverno,12,Web manga,8.28,593890,180
11887,Kokoro Connect,TV,SILVER LINK.,2012,Verão,13,Light novel,7.82,632426,161
11933,Oda Nobuna no Yabou,TV,Madhouse,2012,Verão,12,Light novel,7.46,242603,599
11977,Mahou Shoujo Madoka★Magica Movie 1: Hajimari no Monogatari,Filme,Shaft,2012,Não aplicável,1,Original,8.23,160720,927
11979,Mahou Shoujo Madoka★Magica Movie 2: Eien no Monogatari,Filme,Shaft,2012,Não aplicável,1,Original,8.39,162794,912
11981,Mahou Shoujo Madoka★Magica Movie 3: Hangyaku no Monogatari,Filme,Shaft,2013,Não aplicável,1,Original,8.44,287972,490
12049,Fairy Tail Movie 1: Houou no Miko,Filme,Satelight,2012,Não aplicável,1,Manga,7.41,165024,898
12113,Berserk: Ougon Jidai-hen II - Doldrey Kouryaku,Filme,Studio 4°C,2012,Não aplicável,1,Manga,7.92,151419,980
12115,Berserk: Ougon Jidai-hen III - Kourin,Filme,Studio 4°C,2013,Não aplicável,1,Manga,8.21,158141,942
12175,Koi to Senkyo to Chocolate,TV,AIC Build,2012,Verão,12,Visual novel,7.09,184264,812
12189,Hyouka,TV,Kyoto Animation,2012,Primavera,22,Novel,8.14,940736,81
12291,Acchi Kocchi (TV),TV,AIC,2012,Primavera,12,4-koma manga,7.51,253071,578
12293,Campione!: Matsurowanu Kamigami to Kamigoroshi no Maou,TV,Diomedéa,2012,Verão,13,Light novel,7.05,303861,459
12355,Ookami Kodomo no Ame to Yuki,Filme,Studio Chizu,2012,Não aplicável,1,Original,8.64,616049,170
12365,Bakuman. 3rd Season,TV,J.C.Staff,2012,Outono,25,Manga,8.58,268794,537
12403,Yuru Yuri♪♪,TV,Doga Kobo,2012,Verão,12,Manga,7.85,150091,990
12413,Jormungand,TV,White Fox,2012,Primavera,12,Manga,7.85,270163,528
12445,Tasogare Otome x Amnesia,TV,SILVER LINK.,2012,Primavera,12,Manga,7.86,316252,436
12467,Nazo no Kanojo X,TV,Hoods Entertainment,2012,Primavera,13,Manga,7.25,202006,725
12477,Sakasama no Patema,Filme,Studio Rikka,2013,Não aplicável,1,Original,8.05,217778,673
12531,Sakamichi no Apollon,TV,Tezuka Productions,2012,Primavera,12,Manga,8.36,284901,494
12549,"Dakara Boku wa, H ga Dekinai.",TV,feel.,2012,Verão,12,Light novel,6.64,332158,414
12729,High School DxD OVA,OVA,TNK,2012,Não aplicável,2,Light novel,7.3,209100,702
12859,One Piece Film: Z,Filme,Toei Animation,2012,Não aplicável,1,Manga,8.18,181778,826
12893,Danshi Koukousei no Nichijou Specials,Especial,Sunrise,2012,Não aplicável,6,Web manga,7.86,104089,1349
12967,Arcana Famiglia,TV,J.C.Staff,2012,Verão,12,Visual novel,6.28,172137,864
13055,Sankarea OVA,OVA,Studio Deen,2012,Não aplicável,2,Manga,7.25,90529,1528
13125,Shinsekai yori,TV,A-1 Pictures,2012,Outono,25,Novel,8.35,619318,168
13161,Hagure Yuusha no Aesthetica,TV,Arms,2012,Verão,12,Light novel,6.89,323353,431
13331,Jormungand: Perfect Order,TV,White Fox,2012,Outono,12,Manga,7.94,151317,977
13333,Tari Tari,TV,P.A. Works,2012,Verão,13,Original,7.32,133495,1114
13357,High School DxD Specials,Especial,TNK,2012,Não aplicável,6,Light novel,7.27,157348,944
13367,"Kono Naka ni Hitori, Imouto ga Iru!",TV,Studio Gokumi,2012,Verão,12,Light novel,6.6,172349,867
13469,Hyouka: Motsubeki Mono wa,OVA,Kyoto Animation,2012,Não aplicável,1,Light novel,7.37,136585,1080
13535,Binbougami ga!,TV,Sunrise,2012,Verão,13,Manga,7.73,195938,763
13599,Robotics;Notes,TV,Production I.G,2012,Outono,22,Visual novel,7.35,157614,937
13601,Psycho-Pass,TV,Production I.G,2012,Outono,22,Original,8.38,1211503,45
13655,Little Busters!,TV,J.C.Staff,2012,Outono,26,Visual novel,7.52,236200,617
13659,Ore no Imouto ga Konnani Kawaii Wake ga Nai.,TV,A-1 Pictures,2013,Primavera,13,Light novel,7.05,359102,373
13663,To LOVE-Ru Darkness,TV,Xebec,2012,Outono,12,Manga,7.51,284954,497
13667,Naruto: Shippuuden Movie 6 - Road to Ninja,Filme,Studio Pierrot,2012,Não aplicável,1,Manga,7.67,223826,656
13759,Sakura-sou no Pet na Kanojo,TV,J.C.Staff,2012,Outono,24,Light novel,8.19,920871,83
13807,Corpse Party: Missing Footage,OVA,Asread,2012,Não aplicável,1,Visual novel,6.07,112308,1281
14027,Boku wa Tomodachi ga Sukunai: Relay Shousetsu wa Ketsumatsu ga Hanpanai,OVA,AIC Build,2012,Não aplicável,1,Light novel,7.09,97293,1420
14075,Zetsuen no Tempest,TV,Bones,2012,Outono,24,Manga,7.99,482114,247
14131,Girls & Panzer,TV,Actas,2012,Outono,12,Original,7.55,225650,642
14199,Oniichan dakedo Ai sae Areba Kankeinai yo ne!,TV,SILVER LINK.,2012,Outono,12,Light novel,6.53,236709,608
14227,Tonari no Kaibutsu-kun,TV,Brain's Base,2012,Outono,13,Manga,7.55,762563,111
14289,Sukitte Ii na yo.,TV,Zexcs,2012,Outono,13,Manga,7.49,475603,256
14345,Btooom!,TV,Madhouse,2012,Outono,12,Manga,7.39,678842,140
14349,Little Witch Academia,Filme,Trigger,2013,Não aplicável,1,Original,7.85,262537,554
14353,Death Billiards,Filme,Madhouse,2013,Não aplicável,1,Original,7.93,191518,777
14397,Chihayafuru 2,TV,Madhouse,2013,Inverno,25,Manga,8.43,183624,816
14467,K,TV,GoHands,2012,Outono,13,Original,7.51,597674,178
14513,Magi: The Labyrinth of Magic,TV,A-1 Pictures,2012,Outono,25,Manga,8.07,775824,110
14713,Kamisama Hajimemashita,TV,TMS Entertainment,2012,Outono,13,Manga,8.04,435195,299
14719,JoJo no Kimyou na Bouken (TV),TV,David Production,2012,Outono,26,Manga,8.06,965386,74
14741,Chuunibyou demo Koi ga Shitai!,TV,Kyoto Animation,2012,Outono,12,Light novel,7.77,955524,77
14749,Ore no Kanojo to Osananajimi ga Shuraba Sugiru,TV,A-1 Pictures,2013,Inverno,13,Light novel,7.06,399161,335
14811,GJ-bu,TV,Doga Kobo,2013,Inverno,12,Light novel,7.35,147283,1014
14813,Yahari Ore no Seishun Love Comedy wa Machigatteiru.,TV,Brain's Base,2013,Primavera,13,Light novel,8.07,971934,72
14829,Fate/kaleid liner Prisma☆Illya,TV,SILVER LINK.,2013,Verão,10,Manga,7.11,213640,684
14833,Maoyuu Maou Yuusha,TV,Arms,2013,Inverno,12,Light novel,7.31,355361,382
14837,Dragon Ball Z Movie 14: Kami to Kami,Filme,Toei Animation,2013,Não aplicável,1,Manga,7.41,153734,962
14967,Boku wa Tomodachi ga Sukunai Next,TV,AIC Build,2013,Inverno,12,Light novel,7.4,424995,311
15037,Corpse Party: Tortured Souls - Bougyakusareta Tamashii no Jukyou,OVA,Asread,2013,Não aplicável,4,Visual novel,6.58,284602,498
15039,Ano Hi Mita Hana no Namae wo Bokutachi wa Mada Shiranai. Movie,Filme,A-1 Pictures,2013,Não aplicável,1,Original,7.95,220264,670
15051,Love Live! School Idol Project,TV,Sunrise,2013,Inverno,13,Other,7.44,355325,379
15085,Amnesia,TV,Brain's Base,2013,Inverno,12,Visual novel,6.07,237307,609
15117,Kami nomi zo Shiru Sekai: Tenri-hen,OVA,Manglobe,2012,Não aplicável,2,Manga,7.72,115226,1255
15225,Hentai Ouji to Warawanai Neko.,TV,J.C.Staff,2013,Primavera,12,Light novel,7.24,371534,359
15315,Mondaiji-tachi ga Isekai kara Kuru Sou Desu yo?,TV,Diomedéa,2013,Inverno,10,Light novel,7.56,463838,277
15335,Gintama Movie 2: Kanketsu-hen - Yorozuya yo Eien Nare,Filme,Sunrise,2013,Não aplicável,1,Manga,8.96,171119,873
15379,Kotoura-san,TV,AIC Classic,2013,Inverno,12,4-koma manga,7.23,266724,546
15417,Gintama': Enchousen,TV,Sunrise,2012,Outono,13,Manga,9.04,222819,660
15451,High School DxD New,TV,TNK,2013,Verão,12,Light novel,7.54,668482,144
15583,Date A Live,TV,AIC PLUS+,2013,Primavera,12,Light novel,7.22,725237,123
15687,Chuunibyou demo Koi ga Shitai! Lite,ONA,Kyoto Animation,2012,Não aplicável,6,Light novel,7.26,109113,1306
15689,Nekomonogatari: Kuro,TV,Shaft,2012,Outono,4,Light novel,7.98,421717,317
15699,Haiyore! Nyaruko-san W,TV,Xebec,2013,Primavera,12,Light novel,7.28,147938,1010
15809,Hataraku Maou-sama!,TV,White Fox,2013,Primavera,13,Light novel,7.83,1061216,62
16001,Kokoro Connect: Michi Random,Especial,SILVER LINK.,2012,Não aplicável,4,Light novel,8.01,209714,700
16009,Kamisama no Inai Nichiyoubi,TV,Madhouse,2013,Verão,12,Light novel,7.35,190201,784
16011,Tokyo Ravens,TV,8bit,2013,Outono,24,Light novel,7.53,375763,355
16035,Karneval (TV),TV,Manglobe,2013,Primavera,13,Manga,7.14,178536,842
16049,Toaru Kagaku no Railgun S,TV,J.C.Staff,2013,Primavera,24,Manga,8.06,292223,482
16067,Nagi no Asu kara,TV,P.A. Works,2013,Outono,26,Original,8.09,466251,269
16353,Love Lab,TV,Doga Kobo,2013,Verão,13,Manga,7.36,159805,929
16417,Tamako Market,TV,Kyoto Animation,2013,Inverno,12,Original,7.38,296679,478
16498,Shingeki no Kyojin,TV,Wit Studio,2013,Primavera,25,Manga,8.48,2531397,2
16512,Devil Survivor 2 The Animation,TV,Bridge,2013,Primavera,13,Jogo,6.89,148907,993
16524,Suisei no Gargantia,TV,Production I.G,2013,Primavera,13,Original,7.5,283656,497
16592,Danganronpa: Kibou no Gakuen to Zetsubou no Koukousei The Animation,TV,Lerche,2013,Verão,13,Jogo,7.29,689579,137
16662,Kaze Tachinu,Filme,Studio Ghibli,2013,Não aplicável,1,Manga,8.12,207697,706
16668,Kakumeiki Valvrave,TV,Sunrise,2013,Primavera,12,Original,7.17,143653,1036
16706,Kami nomi zo Shiru Sekai: Megami-hen,TV,Manglobe,2013,Verão,12,Manga,8.08,274320,519
16742,Watashi ga Motenai no wa Dou Kangaetemo Omaera ga Warui!,TV,SILVER LINK.,2013,Verão,12,Web manga,7.04,510608,227
16762,Mirai Nikki: Redial,OVA,Asread,2013,Não aplicável,1,Manga,7.4,284469,493
16782,Kotonoha no Niwa,Filme,CoMix Wave Films,2013,Não aplicável,1,Original,8.05,574997,192
16870,The Last: Naruto the Movie,Filme,Studio Pierrot,2014,Não aplicável,1,Manga,7.76,352160,384
16894,Kuroko no Basket 2nd Season,TV,Production I.G,2013,Outono,25,Manga,8.28,588404,185
16904,K: Missing Kings,Filme,GoHands,2014,Não aplicável,1,Original,7.7,205323,711
16918,Gin no Saji,TV,A-1 Pictures,2013,Verão,11,Manga,8.11,231006,628
16934,Chuunibyou demo Koi ga Shitai!: Kirameki no... Slapstick Noel,Especial,Kyoto Animation,2013,Não aplicável,1,Light novel,7.51,164542,901
17074,Monogatari Series: Second Season,TV,Shaft,2013,Verão,26,Light novel,8.78,509401,232
17247,Machine-Doll wa Kizutsukanai,TV,Lerche,2013,Outono,12,Light novel,7.15,264089,553
17265,Log Horizon,TV,Satelight,2013,Outono,25,Light novel,8.0,872925,91
17513,Diabolik Lovers,TV,Zexcs,2013,Outono,12,Visual novel,5.3,247790,590
17549,Non Non Biyori,TV,SILVER LINK.,2013,Outono,12,Manga,7.95,295922,481
17641,Date A Live: Date to Date,OVA,AIC PLUS+,2013,Não aplicável,1,Light novel,7.37,146853,1020
17729,Grisaia no Kajitsu,TV,8bit,2014,Outono,13,Visual novel,7.55,453783,284
17777,"Saikin, Imouto no Yousu ga Chotto Okashiinda ga.",TV,Project No.9,2014,Inverno,12,Manga,6.27,136125,1083
17895,Golden Time,TV,J.C.Staff,2013,Outono,24,Light novel,7.78,688649,138
18001,Freezing Vibration,TV,A.C.G.T.,2013,Outono,12,Manga,6.82,138170,1068
18095,Nourin,TV,SILVER LINK.,2014,Inverno,12,Light novel,6.82,148476,1003
18115,Magi: The Kingdom of Magic,TV,A-1 Pictures,2013,Outono,25,Manga,8.28,639860,160
18119,Servant x Service,TV,A-1 Pictures,2013,Verão,13,4-koma manga,7.68,170993,872
18139,Tonari no Seki-kun,TV,Shin-Ei Animation,2014,Inverno,21,Manga,7.58,175478,855
18153,Kyoukai no Kanata,TV,Kyoto Animation,2013,Outono,12,Light novel,7.78,848484,99
18179,Yowamushi Pedal,TV,TMS Entertainment,2013,Outono,38,Manga,8.0,181339,825
18195,Little Busters!: Refrain,TV,J.C.Staff,2013,Outono,13,Visual novel,8.23,133750,1111
18229,Gatchaman Crowds,TV,Tatsunoko Production,2013,Verão,12,Original,7.33,163259,911
18245,White Album 2,TV,Satelight,2013,Outono,13,Visual novel,7.71,191370,774
18247,IS: Infinite Stratos 2,TV,8bit,2013,Outono,12,Light novel,6.55,303912,460
18277,Strike the Blood,TV,SILVER LINK.,2013,Outono,24,Light novel,7.14,499734,238
18397,Shingeki no Kyojin OVA,OVA,Wit Studio,2013,Não aplicável,3,Manga,7.83,300057,469
18507,Free!,TV,Kyoto Animation,2013,Verão,12,Original,7.39,585161,189
18671,Chuunibyou demo Koi ga Shitai! Ren,TV,Kyoto Animation,2014,Inverno,12,Light novel,7.56,522620,226
18677,Yuusha ni Narenakatta Ore wa Shibushibu Shuushoku wo Ketsui Shimashita.,TV,Asread,2013,Outono,12,Light novel,6.9,236819,607
18679,Kill la Kill,TV,Trigger,2013,Outono,24,Original,8.11,1283021,35
18753,Yahari Ore no Seishun Love Comedy wa Machigatteiru. OVA,OVA,Brain's Base,2013,Não aplicável,1,Light novel,7.6,198096,750
18857,Ore no Imouto ga Konnani Kawaii Wake ga Nai. Specials,ONA,A-1 Pictures,2013,Não aplicável,3,Light novel,6.42,118813,1228
18897,Nisekoi,TV,Shaft,2014,Inverno,20,Manga,7.65,857824,97
19111,Love Live! School Idol Project 2nd Season,TV,Sunrise,2014,Primavera,13,Other,7.81,204825,717
19163,Date A Live II,TV,Production IMS,2014,Primavera,10,Light novel,7.24,445431,290
19221,"Ore no Nounai Sentakushi ga, Gakuen Love Comedy wo Zenryoku de Jama Shiteiru",TV,Diomedéa,2013,Outono,10,Light novel,7.26,333922,410
19315,Pupa,TV,Studio Deen,2014,Inverno,12,Manga,3.41,149948,997
19363,Gin no Saji 2nd Season,TV,A-1 Pictures,2014,Inverno,11,Manga,8.29,120433,1218
19369,Outbreak Company,TV,feel.,2013,Outono,12,Light novel,7.3,281505,503
19429,Akuma no Riddle,TV,Diomedéa,2014,Primavera,12,Manga,6.64,223133,651
19489,Little Witch Academia: Mahoujikake no Parade,Filme,Trigger,2015,Não aplicável,1,Original,7.78,144012,1033
19647,Hajime no Ippo: Rising,TV,Madhouse,2013,Outono,25,Manga,8.6,175315,851
19685,Kanojo ga Flag wo Oraretara,TV,Hoods Entertainment,2014,Primavera,13,Light novel,6.44,153793,964
19769,Mahou Sensou,TV,Madhouse,2014,Inverno,12,Light novel,6.03,202335,722
19775,Sidonia no Kishi,TV,Polygon Pictures,2014,Primavera,12,Manga,7.69,197189,755
19815,No Game No Life,TV,Madhouse,2014,Primavera,12,Light novel,8.2,1751054,10
20021,Sword Art Online: Extra Edition,Especial,A-1 Pictures,2013,Não aplicável,1,Light novel,6.61,245197,596
20031,D-Frag!,TV,Brain's Base,2014,Inverno,12,Manga,7.58,314521,441
20047,Sakura Trick,TV,Studio Deen,2014,Inverno,12,4-koma manga,7.02,209543,705
20057,Space☆Dandy,TV,Bones,2014,Inverno,13,Original,7.88,267394,537
20159,Pokemon: The Origin,Especial,Production I.G,2013,Não aplicável,4,Jogo,7.76,180209,829
20507,Noragami,TV,Bones,2014,Inverno,12,Manga,8.01,1535575,18
20509,Fate/kaleid liner Prisma☆Illya 2wei!,TV,SILVER LINK.,2014,Verão,10,Manga,7.3,124622,1181
20541,Mikakunin de Shinkoukei,TV,Doga Kobo,2014,Inverno,12,4-koma manga,7.44,298188,473
20583,Haikyuu!!,TV,Production I.G,2014,Primavera,25,Manga,8.53,1185274,50
20689,Hamatora The Animation,TV,NAZ,2014,Inverno,12,Original,7.3,249144,585
20767,Noragami OVA,OVA,Bones,2014,Não aplicável,2,Manga,7.76,252688,575
20785,Mahouka Koukou no Rettousei,TV,Madhouse,2014,Primavera,26,Light novel,7.53,760749,112
20787,Black Bullet,TV,Kinema Citrus,2014,Primavera,13,Light novel,7.17,709300,127
20847,Seitokai Yakuindomo*,TV,GoHands,2014,Inverno,13,4-koma manga,7.74,201472,735
20853,Hitsugi no Chaika,TV,Bones,2014,Primavera,12,Light novel,7.29,309823,447
20899,JoJo no Kimyou na Bouken Part 3: Stardust Crusaders,TV,David Production,2014,Primavera,24,Manga,8.12,694803,136
21033,Seikoku no Dragonar,TV,C-Station,2014,Primavera,12,Light novel,6.52,170220,880
21085,Witch Craft Works,TV,J.C.Staff,2014,Inverno,12,Manga,7.07,238744,603
21105,Love Stage!!,TV,J.C.Staff,2014,Verão,10,Manga,7.32,193013,777
21273,Gochuumon wa Usagi Desu ka?,TV,White Fox,2014,Primavera,12,4-koma manga,7.52,185607,801
21327,Isshuukan Friends.,TV,Brain's Base,2014,Primavera,12,4-koma manga,7.57,251774,580
21339,Psycho-Pass Movie,Filme,Production I.G,2015,Não aplicável,1,Original,7.74,211843,694
21405,Bokura wa Minna Kawai-sou,TV,Brain's Base,2014,Primavera,12,Manga,7.72,306236,458
21431,Gokukoku no Brynhildr,TV,Arms,2014,Primavera,13,Manga,6.92,280819,505
21511,Kantai Collection: KanColle,TV,Diomedéa,2015,Inverno,12,Jogo,6.88,187671,795
21557,Omoide no Marnie,Filme,Studio Ghibli,2014,Não aplicável,1,Novel,8.11,188873,785
21561,Ryuugajou Nanana no Maizoukin (TV),TV,A-1 Pictures,2014,Primavera,11,Light novel,7.19,195516,762
21603,Mekakucity Actors,TV,Shaft,2014,Primavera,12,Music,7.08,373894,354
21647,Tamako Love Story,Filme,Kyoto Animation,2014,Não aplicável,1,Original,8.0,246545,590
21659,Kill la Kill Specials,Especial,Trigger,2014,Não aplicável,2,Original,7.72,163890,907
21843,Shingeki no Bahamut: Genesis,TV,MAPPA,2014,Outono,12,Card game,7.67,330227,416
21855,Hanamonogatari,TV,Shaft,2014,Verão,5,Light novel,7.99,326419,426
21863,Mangaka-san to Assistant-san to The Animation,TV,Zexcs,2014,Primavera,12,Manga,7.18,220260,661
21881,Sword Art Online II,TV,A-1 Pictures,2014,Verão,24,Light novel,6.79,1437210,23
21939,Mushishi Zoku Shou,TV,Artland,2014,Primavera,10,Manga,8.72,226522,639
21995,Ao Haru Ride,TV,Production I.G,2014,Verão,12,Manga,7.67,591908,182
22043,Fairy Tail (2014),TV,A-1 Pictures,2014,Primavera,102,Manga,7.73,716382,128
22101,Soredemo Sekai wa Utsukushii,TV,Studio Pierrot,2014,Primavera,12,Manga,7.67,228677,629
22135,Ping Pong the Animation,TV,Tatsunoko Production,2014,Primavera,11,Manga,8.63,265774,545
22145,Kuroshitsuji: Book of Circus,TV,A-1 Pictures,2014,Verão,10,Manga,8.13,295450,482
22147,Amagi Brilliant Park,TV,Kyoto Animation,2014,Outono,13,Light novel,7.52,496580,240
22199,Akame ga Kill!,TV,White Fox,2014,Verão,24,Manga,7.53,1408729,25
22265,Free!: Eternal Summer,TV,Kyoto Animation,2014,Verão,13,Original,7.68,310522,450
22297,Fate/stay night: Unlimited Blade Works,TV,ufotable,2014,Outono,12,Visual novel,8.22,742718,119
22319,Tokyo Ghoul,TV,Studio Pierrot,2014,Verão,12,Manga,7.81,1895488,7
22535,Kiseijuu: Sei no Kakuritsu,TV,Madhouse,2014,Outono,24,Manga,8.4,1243239,39
22663,Seiken Tsukai no World Break,TV,Diomedéa,2015,Inverno,12,Light novel,6.91,236854,615
22687,Terra Formars,TV,LIDENFILMS,2014,Outono,13,Manga,7.04,185982,802
22729,Aldnoah.Zero,TV,A-1 Pictures,2014,Verão,12,Original,7.44,432548,299
22789,Barakamon,TV,Kinema Citrus,2014,Verão,12,Web manga,8.41,503396,235
22865,Rokujouma no Shinryakusha!? (TV),TV,SILVER LINK.,2014,Verão,12,Light novel,7.18,148889,1000
22877,Seireitsukai no Blade Dance,TV,TNK,2014,Verão,12,Light novel,6.82,283537,499
22961,Date A Live II: Kurumi Star Festival,OVA,Production IMS,2014,Não aplicável,1,Light novel,7.92,128564,1157
23079,Glasslip,TV,P.A. Works,2014,Verão,13,Original,5.44,144554,1021
23199,Durarara!!x2 Shou,TV,Shuka,2015,Inverno,12,Light novel,8.03,388580,344
23233,Shinmai Maou no Testament,TV,Production IMS,2015,Inverno,12,Light novel,6.8,476324,261
23251,Gugure! Kokkuri-san,TV,TMS Entertainment,2014,Outono,12,4-koma manga,7.58,152205,970
23273,Shigatsu wa Kimi no Uso,TV,A-1 Pictures,2014,Outono,22,Manga,8.74,1442330,22
23277,Saenai Heroine no Sodatekata,TV,A-1 Pictures,2015,Inverno,12,Light novel,7.54,451172,287
23281,Psycho-Pass 2,TV,Tatsunoko Production,2014,Outono,11,Original,7.42,508172,234
23283,Zankyou no Terror,TV,MAPPA,2014,Verão,11,Original,8.12,822187,103
23289,Gekkan Shoujo Nozaki-kun,TV,Doga Kobo,2014,Verão,12,4-koma manga,7.96,681194,142
23309,Rail Wars!,TV,Passione,2014,Verão,12,Light novel,6.41,166262,892
23321,Log Horizon 2nd Season,TV,Studio Deen,2014,Outono,25,Light novel,7.62,485345,245
23623,Non Non Biyori Repeat,TV,SILVER LINK.,2015,Verão,12,Manga,8.18,142489,1037
23673,Ookami Shoujo to Kuro Ouji,TV,TYO Animations,2014,Outono,12,Manga,7.17,336542,402
23755,Nanatsu no Taizai,TV,A-1 Pictures,2014,Outono,24,Manga,7.89,1394358,27
23847,Yahari Ore no Seishun Love Comedy wa Machigatteiru. Zoku,TV,feel.,2015,Primavera,13,Light novel,8.27,713318,124
24133,Taimadou Gakuen 35 Shiken Shoutai,TV,SILVER LINK.,2015,Outono,12,Light novel,6.9,239275,603
24227,Nisekoi OVA,OVA,Shaft,2014,Não aplicável,3,Manga,7.41,129323,1137
24231,Hitsugi no Chaika: Avenging Battle,TV,Bones,2014,Outono,10,Light novel,7.22,167311,889
24415,Kuroko no Basket 3rd Season,TV,Production I.G,2015,Inverno,25,Manga,8.34,506465,232
24439,Kekkai Sensen,TV,Bones,2015,Primavera,12,Manga,7.65,625476,164
24455,Madan no Ou to Vanadis,TV,Satelight,2014,Outono,13,Light novel,7.17,265671,545
24655,Date A Live Movie: Mayuri Judgment,Filme,Production IMS,2015,Não aplicável,1,Light novel,7.36,141636,1055
24701,Mushishi Zoku Shou 2nd Season,TV,Artland,2014,Outono,10,Manga,8.76,198954,746
24703,High School DxD BorN,TV,TNK,2015,Primavera,12,Light novel,7.45,571266,193
24765,Gakkougurashi!,TV,Lerche,2015,Verão,12,Manga,7.63,340561,399
24833,Ansatsu Kyoushitsu,TV,Lerche,2015,Inverno,22,Manga,8.12,1264954,37
24991,No Game No Life Specials,Especial,Madhouse,2014,Não aplicável,6,Light novel,6.75,141896,1051
25013,Akatsuki no Yona,TV,Studio Pierrot,2014,Outono,24,Manga,8.05,586957,185
25099,"Ore ga Ojousama Gakkou ni ""Shomin Sample"" Toshite Gets♥Sareta Ken",TV,SILVER LINK.,2015,Outono,12,Light novel,6.81,203046,724
25157,Trinity Seven,TV,Seven Arcs Pictures,2014,Outono,12,Manga,7.17,602856,174
25159,Inou-Battle wa Nichijou-kei no Naka de,TV,Trigger,2014,Outono,12,Light novel,7.14,323085,429
25183,Gangsta.,TV,Manglobe,2015,Verão,12,Manga,7.4,428797,303
25283,Kuusen Madoushi Kouhosei no Kyoukan,TV,Diomedéa,2015,Verão,12,Light novel,6.4,198059,748
25389,"Dragon Ball Z Movie 15: Fukkatsu no ""F""",Filme,Toei Animation,2015,Não aplicável,1,Manga,7.11,120580,1224
25397,Absolute Duo,TV,8bit,2015,Inverno,12,Light novel,6.51,425840,312
25537,Fate/stay night Movie: Heaven's Feel - I. Presage Flower,Filme,ufotable,2017,Não aplicável,1,Visual novel,8.26,265041,547
25681,Kamisama Hajimemashita◎,TV,TMS Entertainment,2015,Inverno,12,Manga,8.16,247905,589
25777,Shingeki no Kyojin Season 2,TV,Wit Studio,2017,Primavera,12,Manga,8.45,1591506,16
25781,Shingeki no Kyojin: Kuinaki Sentaku,OVA,Wit Studio,2014,Não aplicável,2,Visual novel,8.38,323012,430
25835,Shirobako,TV,P.A. Works,2014,Outono,24,Original,8.35,349479,387
25879,Working!!!,TV,A-1 Pictures,2015,Verão,13,4-koma manga,8.03,194901,766
26055,JoJo no Kimyou na Bouken Part 3: Stardust Crusaders 2nd Season,TV,David Production,2015,Inverno,24,Manga,8.45,641298,159
26243,Owari no Seraph,TV,Wit Studio,2015,Primavera,12,Manga,7.49,888227,89
26349,Danna ga Nani wo Itteiru ka Wakaranai Ken,TV,Seven,2014,Outono,13,4-koma manga,7.38,273464,519
27631,God Eater,TV,ufotable,2015,Verão,13,Jogo,7.3,426616,311
27655,Aldnoah.Zero 2nd Season,TV,A-1 Pictures,2015,Inverno,12,Original,6.98,265556,552
27775,Plastic Memories,TV,Doga Kobo,2015,Primavera,13,Original,7.94,643043,154
27787,Nisekoi:,TV,Shaft,2015,Primavera,12,Manga,7.39,500350,239
27821,Fate/stay night: Unlimited Blade Works Prologue,Especial,ufotable,2014,Não aplicável,1,Visual novel,8.1,239361,604
27831,Durarara!!x2 Ten,TV,Shuka,2015,Verão,12,Light novel,8.01,312429,448
27833,Durarara!!x2 Ketsu,TV,Shuka,2016,Inverno,12,Light novel,8.1,297451,474
27899,Tokyo Ghoul √A,TV,Studio Pierrot,2015,Inverno,12,Manga,7.07,1226168,42
27989,Hibike! Euphonium,TV,Kyoto Animation,2015,Primavera,13,Novel,8.0,329403,420
27991,K: Return of Kings,TV,GoHands,2015,Outono,13,Original,7.63,257638,565
28025,Tsukimonogatari,TV,Shaft,2014,Outono,4,Light novel,8.14,315680,440
28121,Dungeon ni Deai wo Motomeru no wa Machigatteiru Darou ka,TV,J.C.Staff,2015,Primavera,13,Light novel,7.64,1075095,60
28171,Shokugeki no Souma,TV,J.C.Staff,2015,Primavera,24,Manga,8.29,1167795,51
28223,Death Parade,TV,Madhouse,2015,Inverno,12,Original,8.2,1213828,48
28249,Arslan Senki (TV),TV,SANZIGEN,2015,Primavera,25,Manga,7.71,304409,467
28297,Ore Monogatari!!,TV,Madhouse,2015,Primavera,24,Manga,7.96,480559,258
28497,Rokka no Yuusha,TV,Passione,2015,Verão,12,Light novel,7.35,486940,245
28623,Koutetsujou no Kabaneri,TV,Wit Studio,2016,Primavera,12,Original,7.26,592987,181
28675,Kyoukai no Kanata Movie 2: I'll Be Here - Mirai-hen,Filme,Kyoto Animation,2015,Não aplicável,1,Light novel,8.2,189288,795
28677,Yamada-kun to 7-nin no Majo (TV),TV,LIDENFILMS,2015,Primavera,12,Manga,7.65,564446,199
28701,Fate/stay night: Unlimited Blade Works 2nd Season,TV,ufotable,2015,Primavera,13,Visual novel,8.33,605173,175
28725,Kokoro ga Sakebitagatterunda.,Filme,A-1 Pictures,2015,Não aplicável,1,Original,7.96,234870,621
28735,Shouwa Genroku Rakugo Shinjuu,TV,Studio Deen,2016,Inverno,13,Manga,8.6,223244,653
28755,Boruto: Naruto the Movie,Filme,Studio Pierrot,2015,Não aplicável,1,Manga,7.5,320603,433
28805,Bakemono no Ko,Filme,Studio Chizu,2015,Não aplicável,1,Original,8.33,306149,455
28819,Okusama ga Seitokaichou!,TV,Seven,2015,Verão,12,Manga,6.66,216982,676
28825,Himouto! Umaru-chan,TV,Doga Kobo,2015,Verão,12,Manga,7.17,494283,241
28851,Koe no Katachi,Filme,Kyoto Animation,2016,Não aplicável,1,Manga,9.0,1387607,28
28891,Haikyuu!! Second Season,TV,Production I.G,2015,Outono,25,Manga,8.73,874150,94
28907,"Gate: Jieitai Kanochi nite, Kaku Tatakaeri",TV,A-1 Pictures,2015,Verão,12,Light novel,7.74,601037,177
28927,Owari no Seraph: Nagoya Kessen-hen,TV,Wit Studio,2015,Outono,12,Manga,7.64,537525,218
28977,Gintama°,TV,Bandai Namco Pictures,2015,Primavera,51,Manga,9.1,404121,329
28979,To LOVE-Ru Darkness 2nd,TV,Xebec,2015,Verão,12,Manga,7.51,193047,770
28999,Charlotte,TV,P.A. Works,2015,Verão,13,Original,7.77,1057447,64
29067,Danna ga Nani wo Itteiru ka Wakaranai Ken 2 Sure-me,TV,Seven,2015,Primavera,13,4-koma manga,7.39,157773,939
29093,Grisaia no Meikyuu: Caprice no Mayu 0,Especial,8bit,2015,Não aplicável,1,Visual novel,7.91,178141,844
29095,Grisaia no Rakuen,TV,8bit,2015,Primavera,10,Visual novel,7.86,310138,453
29317,Saenai Heroine no Sodatekata: Ai to Seishun no Service-kai,Especial,A-1 Pictures,2015,Não aplicável,1,Light novel,7.06,94240,1479
29758,Taboo Tattoo,TV,J.C.Staff,2016,Verão,12,Manga,5.79,215902,679
29785,Jitsu wa Watashi wa,TV,TMS Entertainment,2015,Verão,13,Manga,6.91,196274,761
29786,Shimoneta to Iu Gainen ga Sonzai Shinai Taikutsu na Sekai,TV,J.C.Staff,2015,Verão,12,Light novel,7.33,557478,201
29803,Overlord,TV,Madhouse,2015,Verão,13,Light novel,7.96,1039944,66
30015,ReLIFE,TV,TMS Entertainment,2016,Verão,13,Web manga,8.03,717580,126
30123,Akagami no Shirayuki-hime,TV,Bones,2015,Verão,12,Manga,7.79,459085,284
30187,Sakurako-san no Ashimoto ni wa Shitai ga Umatteiru,TV,TROYCA,2015,Outono,12,Novel,7.43,174026,858
30205,Aoharu x Kikanjuu,TV,Brain's Base,2015,Verão,12,Manga,7.18,184467,806
30240,Prison School,TV,J.C.Staff,2015,Verão,12,Manga,7.71,696018,136
30276,One Punch Man,TV,Madhouse,2015,Outono,12,Web manga,8.57,2123866,5
30296,Rakudai Kishi no Cavalry,TV,SILVER LINK.,2015,Outono,12,Light novel,7.53,644218,158
30307,Monster Musume no Iru Nichijou,TV,Lerche,2015,Verão,12,Manga,7.08,539332,214
30363,Shinmai Maou no Testament Burst,TV,Production IMS,2015,Outono,10,Light novel,6.91,277156,513
30458,"Tokyo Ghoul: ""Jack""",OVA,Studio Pierrot,2015,Não aplicável,1,Manga,7.38,183659,821
30484,Steins;Gate 0,TV,White Fox,2018,Primavera,23,Visual novel,8.51,590847,185
30503,Noragami Aragoto,TV,Bones,2015,Outono,13,Manga,8.22,1039422,65
30544,Gakusen Toshi Asterisk,TV,A-1 Pictures,2015,Outono,12,Light novel,6.9,480569,250
30654,Ansatsu Kyoushitsu 2nd Season,TV,Lerche,2016,Inverno,25,Manga,8.54,899476,86
30694,Dragon Ball Super,TV,Toei Animation,2015,Verão,131,Manga,7.42,536891,212
30727,Saenai Heroine no Sodatekata ♭,TV,A-1 Pictures,2017,Primavera,11,Light novel,7.8,239492,606
30749,Saijaku Muhai no Bahamut,TV,Lerche,2016,Inverno,12,Light novel,6.62,279062,509
30831,Kono Subarashii Sekai ni Shukufuku wo!,TV,Studio Deen,2016,Inverno,10,Light novel,8.15,1290898,34
30885,Noragami Aragoto OVA,OVA,Bones,2015,Não aplicável,2,Manga,7.91,192901,776
30911,Tales of Zestiria the Cross,TV,ufotable,2016,Verão,12,Jogo,7.31,267050,544
31043,Boku dake ga Inai Machi,TV,A-1 Pictures,2016,Inverno,12,Manga,8.37,1359119,29
31163,Dimension W,TV,Orange,2016,Inverno,12,Manga,7.22,253127,576
31173,Akagami no Shirayuki-hime 2nd Season,TV,Bones,2016,Inverno,12,Manga,8.0,247889,589
31181,Owarimonogatari,TV,Shaft,2015,Outono,12,Light novel,8.46,356371,379
31240,Re:Zero kara Hajimeru Isekai Seikatsu,TV,White Fox,2016,Primavera,25,Light novel,8.29,1478842,21
31297,"Tokyo Ghoul: ""Pinto""",OVA,Studio Pierrot,2015,Não aplicável,1,Light novel,7.27,150630,981
31338,Hundred,TV,Production IMS,2016,Primavera,12,Light novel,6.37,272970,526
31339,Drifters,TV,Hoods Drifters Studio,2016,Outono,12,Manga,7.94,410926,326
31376,Flying Witch,TV,J.C.Staff,2016,Primavera,12,Manga,7.53,212236,694
31404,Netoge no Yome wa Onnanoko ja Nai to Omotta?,TV,Project No.9,2016,Primavera,12,Light novel,6.83,383098,348
31405,Joker Game,TV,Production I.G,2016,Primavera,12,Novel,7.06,179990,835
31442,Musaigen no Phantom World,TV,Kyoto Animation,2016,Inverno,13,Light novel,6.89,392009,342
31478,Bungou Stray Dogs,TV,Bones,2016,Primavera,12,Manga,7.79,792435,107
31553,Charlotte: Tsuyoimono-tachi,Especial,P.A. Works,2016,Não aplicável,1,Original,7.48,122098,1206
31580,Ajin,TV,Polygon Pictures,2016,Inverno,13,Manga,7.49,446881,290
31636,Dagashi Kashi,TV,feel.,2016,Inverno,12,Manga,6.63,337656,400
31637,"Gate: Jieitai Kanochi nite, Kaku Tatakaeri 2nd Season",TV,A-1 Pictures,2016,Inverno,12,Light novel,7.77,413838,322
31646,3-gatsu no Lion,TV,Shaft,2016,Outono,22,Manga,8.43,461713,280
31704,One Punch Man: Road to Hero,OVA,Madhouse,2015,Não aplicável,1,Web manga,7.73,237654,608
31722,Nanatsu no Taizai: Seisen no Shirushi,TV,A-1 Pictures,2016,Verão,4,Manga,7.12,475981,262
31737,Gakusen Toshi Asterisk 2nd Season,TV,A-1 Pictures,2016,Primavera,12,Light novel,7.08,316957,438
31741,Magi: Sinbad no Bouken (TV),TV,Lay-duce,2016,Primavera,13,Manga,7.91,343441,394
31757,Kizumonogatari II: Nekketsu-hen,Filme,Shaft,2016,Não aplicável,1,Light novel,8.61,305408,460
31758,Kizumonogatari III: Reiketsu-hen,Filme,Shaft,2017,Não aplicável,1,Light novel,8.82,312062,448
31764,Nejimaki Seirei Senki: Tenkyou no Alderamin,TV,Madhouse,2016,Verão,13,Light novel,7.73,245963,589
31765,Sword Art Online Movie: Ordinal Scale,Filme,A-1 Pictures,2017,Não aplicável,1,Original,7.65,508865,229
31772,One Punch Man Specials,Especial,Madhouse,2015,Não aplicável,6,Web manga,7.73,224515,647
31798,Kiznaiver,TV,Trigger,2016,Primavera,12,Original,7.43,540306,213
31859,Hai to Gensou no Grimgar,TV,A-1 Pictures,2016,Inverno,12,Light novel,7.69,537777,215
31904,Big Order (TV),TV,Asread,2016,Primavera,10,Manga,5.4,178199,841
31933,JoJo no Kimyou na Bouken Part 4: Diamond wa Kudakenai,TV,David Production,2016,Primavera,39,Manga,8.51,625022,163
31952,Kono Bijutsubu ni wa Mondai ga Aru!,TV,feel.,2016,Verão,12,Manga,7.26,213851,690
31953,New Game!,TV,Doga Kobo,2016,Verão,12,4-koma manga,7.62,333461,406
31964,Boku no Hero Academia,TV,Bones,2016,Primavera,13,Manga,8.11,1909814,6
31988,Hibike! Euphonium 2,TV,Kyoto Animation,2016,Outono,13,Novel,8.3,164555,906
32093,Tanaka-kun wa Itsumo Kedaruge,TV,SILVER LINK.,2016,Primavera,12,Web manga,7.9,314798,446
32105,Sousei no Onmyouji,TV,Studio Pierrot,2016,Primavera,50,Manga,7.32,375693,356
32182,Mob Psycho 100,TV,Bones,2016,Verão,12,Web manga,8.49,1255830,40
32188,Steins;Gate: Kyoukaimenjou no Missing Link - Divide By Zero,Especial,White Fox,2015,Não aplicável,1,Visual novel,8.26,179364,837
32189,Danganronpa 3: The End of Kibougamine Gakuen - Mirai-hen,TV,Lerche,2016,Verão,12,Jogo,7.36,256160,572
32262,Renai Boukun,TV,EMT Squared,2017,Primavera,12,Web manga,6.7,264610,548
32268,Koyomimonogatari,ONA,Shaft,2016,Não aplicável,12,Light novel,7.68,182059,824
32281,Kimi no Na wa.,Filme,CoMix Wave Films,2016,Não aplicável,1,Original,8.96,1726660,11
32282,Shokugeki no Souma: Ni no Sara,TV,J.C.Staff,2016,Verão,13,Manga,8.21,802974,106
32379,Berserk,TV,Millepensee,2016,Verão,12,Manga,6.39,254341,574
32380,Kono Subarashii Sekai ni Shukufuku wo!: Kono Subarashii Choker ni Shukufuku wo!,OVA,Studio Deen,2016,Não aplicável,1,Light novel,7.86,273954,521
32438,Mayoiga,TV,Diomedéa,2016,Primavera,12,Original,5.53,189103,787
32542,Sakamoto Desu ga?,TV,Studio Deen,2016,Primavera,12,Manga,7.59,541911,209
32615,Youjo Senki,TV,Nut,2017,Inverno,12,Light novel,8.0,600880,177
32648,Handa-kun,TV,Diomedéa,2016,Verão,12,Manga,7.39,200188,740
32686,Keijo!!!!!!!!,TV,Xebec,2016,Outono,12,Manga,7.02,296623,474
32729,Orange,TV,Telecom Animation Film,2016,Verão,13,Manga,7.62,545748,210
32827,B: The Beginning,ONA,Production I.G,2018,Não aplicável,12,Original,7.34,223101,656
32828,Amaama to Inazuma,TV,TMS Entertainment,2016,Verão,12,Manga,7.53,230111,628
32867,Bungou Stray Dogs 2nd Season,TV,Bones,2016,Outono,12,Manga,8.2,480682,248
32887,Dungeon ni Deai wo Motomeru no wa Machigatteiru Darou ka Gaiden: Sword Oratoria,TV,J.C.Staff,2017,Primavera,12,Light novel,7.05,315578,443
32899,Watashi ga Motete Dousunda,TV,Brain's Base,2016,Outono,12,Manga,7.1,291969,483
32901,Eromanga-sensei,TV,A-1 Pictures,2017,Primavera,12,Light novel,6.49,513293,227
32902,Mahoutsukai no Yome: Hoshi Matsu Hito,OVA,Wit Studio,2016,Não aplicável,3,Manga,8.14,219824,667
32935,Haikyuu!!: Karasuno Koukou vs. Shiratorizawa Gakuen Koukou,TV,Production I.G,2016,Outono,10,Manga,8.87,727240,123
32937,Kono Subarashii Sekai ni Shukufuku wo! 2,TV,Studio Deen,2017,Inverno,10,Light novel,8.31,990857,69
32949,Kuzu no Honkai,TV,Lerche,2017,Inverno,12,Manga,7.31,462466,272
32951,Rokudenashi Majutsu Koushi to Akashic Records,TV,LIDENFILMS,2017,Primavera,12,Light novel,7.19,478935,258
32995,Yuri!!! on Ice,TV,MAPPA,2016,Outono,12,Original,7.92,580801,191
32998,91 Days,TV,Shuka,2016,Verão,12,Original,7.84,466565,265
33028,Danganronpa 3: The End of Kibougamine Gakuen - Zetsubou-hen,TV,Lerche,2016,Verão,11,Jogo,7.49,225956,644
33161,Yahari Ore no Seishun Love Comedy wa Machigatteiru. Zoku OVA,OVA,feel.,2016,Não aplicável,1,Light novel,8.09,171668,865
33206,Kobayashi-san Chi no Maid Dragon,TV,Kyoto Animation,2017,Inverno,13,Manga,8.03,772246,109
33253,Ajin 2nd Season,TV,Polygon Pictures,2016,Outono,13,Manga,7.68,226381,641
33255,Saiki Kusuo no Ψ-nan,TV,J.C.Staff,2016,Verão,120,Manga,8.45,591140,183
33352,Violet Evergarden,TV,Kyoto Animation,2018,Inverno,13,Light novel,8.64,1039300,67
33475,Busou Shoujo Machiavellianism,TV,SILVER LINK.,2017,Primavera,12,Manga,6.96,262476,560
33486,Boku no Hero Academia 2nd Season,TV,Bones,2017,Primavera,25,Manga,8.33,1611771,13
33487,Masamune-kun no Revenge,TV,SILVER LINK.,2017,Inverno,12,Manga,6.83,547027,207
33489,Little Witch Academia (TV),TV,Trigger,2017,Inverno,25,Original,7.91,461846,279
33502,Shuumatsu Nani Shitemasu ka? Isogashii Desu ka? Sukutte Moratte Ii Desu ka?,TV,Satelight,2017,Primavera,12,Light novel,7.73,275841,516
33506,Ao no Exorcist: Kyoto Fujouou-hen,TV,A-1 Pictures,2017,Inverno,12,Manga,7.43,527247,222
33674,No Game No Life: Zero,Filme,Madhouse,2017,Não aplicável,1,Light novel,8.32,608820,173
33731,Gabriel DropOut,TV,Doga Kobo,2017,Inverno,12,Manga,7.49,343510,393
33743,Fuuka,TV,Diomedéa,2017,Inverno,12,Manga,6.54,223931,654
33926,Quanzhi Gaoshou,ONA,B.CMAY PICTURES,2017,Não aplicável,12,Novel,7.98,280978,504
33988,Demi-chan wa Kataritai,TV,A-1 Pictures,2017,Inverno,12,Manga,7.62,318206,435
34096,Gintama.,TV,Bandai Namco Pictures,2017,Inverno,12,Manga,8.99,201735,730
34134,One Punch Man 2nd Season,TV,J.C.Staff,2019,Primavera,12,Web manga,7.41,994488,70
34176,Zero kara Hajimeru Mahou no Sho,TV,White Fox,2017,Primavera,12,Light novel,7.1,201601,731
34240,Shelter,Música,A-1 Pictures,2016,Não aplicável,1,Music,8.34,265646,539
34280,Gamers!,TV,Pine Jam,2017,Verão,12,Light novel,6.92,455313,283
34281,High School DxD Hero,TV,Passione,2018,Primavera,12,Light novel,7.28,309467,453
34321,Fate/Grand Order: First Order,Especial,Lay-duce,2016,Não aplicável,1,Jogo,6.78,138312,1071
34382,Citrus,TV,Passione,2018,Inverno,12,Manga,6.51,340760,398
34403,Hajimete no Gal,TV,NAZ,2017,Verão,10,Manga,6.31,332807,412
34451,Kekkai Sensen & Beyond,TV,Bones,2017,Outono,12,Manga,7.88,300721,470
34497,Death March kara Hajimaru Isekai Kyousoukyoku,TV,SILVER LINK.,2018,Inverno,12,Light novel,6.54,334103,411
34542,Inuyashiki,TV,MAPPA,2017,Outono,11,Manga,7.7,420332,318
34561,Re:Creators,TV,TROYCA,2017,Primavera,22,Original,7.57,365335,365
34577,Nanatsu no Taizai: Imashime no Fukkatsu,TV,A-1 Pictures,2018,Inverno,24,Manga,7.84,757404,115
34599,Made in Abyss,TV,Kinema Citrus,2017,Verão,13,Web manga,8.74,862410,95
34612,Saiki Kusuo no Ψ-nan 2,TV,J.C.Staff,2018,Inverno,24,Manga,8.48,349764,388
34618,Blend S,TV,A-1 Pictures,2017,Outono,12,4-koma manga,7.36,453108,286
34626,Kono Subarashii Sekai ni Shukufuku wo! 2: Kono Subarashii Geijutsu ni Shukufuku wo!,OVA,Studio Deen,2017,Não aplicável,1,Light novel,8.07,239082,606
34636,Ballroom e Youkoso,TV,Production I.G,2017,Verão,24,Manga,8.21,218597,676
34662,Fate/Apocrypha,TV,A-1 Pictures,2017,Verão,25,Light novel,7.16,339526,402
34798,Yuru Camp△,TV,C-Station,2018,Inverno,12,Manga,8.27,306650,457
34822,Tsuki ga Kirei,TV,feel.,2017,Primavera,12,Original,8.18,358911,371
34881,Aho Girl,TV,Diomedéa,2017,Verão,12,4-koma manga,6.9,337686,406
34902,Tsurezure Children,TV,Studio Gokumi,2017,Verão,12,4-koma manga,7.67,483639,249
34914,New Game!!,TV,Doga Kobo,2017,Verão,12,4-koma manga,7.76,200056,743
34933,Kakegurui,TV,MAPPA,2017,Verão,12,Manga,7.42,843908,97
34934,Koi to Uso,TV,LIDENFILMS,2017,Verão,12,Manga,6.57,280436,507
34984,Koi wa Ameagari no You ni,TV,Wit Studio,2018,Inverno,12,Manga,7.54,196601,752
35062,Mahoutsukai no Yome,TV,Wit Studio,2017,Outono,24,Manga,8.1,622300,165
35073,Overlord II,TV,Madhouse,2018,Inverno,13,Light novel,7.78,646042,148
35076,Juuni Taisen,TV,Graphinica,2017,Outono,12,Novel,6.55,224045,649
35120,Devilman: Crybaby,ONA,Science SARU,2018,Não aplicável,10,Manga,7.84,650309,153
35180,3-gatsu no Lion 2nd Season,TV,Shaft,2017,Outono,22,Manga,9.0,266243,545
35203,Isekai wa Smartphone to Tomo ni.,TV,Production Reed,2017,Verão,12,Light novel,6.24,346386,389
35247,Owarimonogatari 2nd Season,TV,Shaft,2017,Verão,7,Light novel,8.93,270878,521
35363,"Kobayashi-san Chi no Maid Dragon: Valentine, Soshite Onsen! - Amari Kitai Shinaide Kudasai",Especial,Kyoto Animation,2017,Não aplicável,1,Manga,7.78,124044,1191
35413,Imouto sae Ireba Ii.,TV,SILVER LINK.,2017,Outono,12,Light novel,7.38,228968,638
35466,ReLIFE: Kanketsu-hen,Especial,TMS Entertainment,2018,Não aplicável,4,Web manga,8.23,243120,598
35507,Youkoso Jitsuryoku Shijou Shugi no Kyoushitsu e (TV),TV,Lerche,2017,Verão,12,Light novel,7.85,577290,190
35557,Houseki no Kuni (TV),TV,Orange,2017,Outono,12,Manga,8.41,304278,462
35639,Just Because!,TV,Pine Jam,2017,Outono,12,Original,7.29,218640,675
35760,Shingeki no Kyojin Season 3,TV,Wit Studio,2018,Verão,12,Manga,8.59,1212430,48
35788,Shokugeki no Souma: San no Sara,TV,J.C.Staff,2017,Outono,12,Manga,8.14,659490,146
35790,Tate no Yuusha no Nariagari,TV,Kinema Citrus,2019,Inverno,25,Light novel,8.0,907714,85
35838,Shoujo Shuumatsu Ryokou,TV,White Fox,2017,Outono,12,Web manga,8.19,228188,631
35839,Sora yori mo Tooi Basho,TV,Madhouse,2018,Inverno,13,Original,8.57,344406,392
35849,Darling in the FranXX,TV,A-1 Pictures,2018,Inverno,24,Original,7.33,988865,71
35851,Sayonara no Asa ni Yakusoku no Hana wo Kazarou,Filme,P.A. Works,2018,Não aplicável,1,Original,8.45,244902,595
35860,Karakai Jouzu no Takagi-san,TV,Shin-Ei Animation,2018,Inverno,12,Manga,7.77,361838,368
35968,Wotaku ni Koi wa Muzukashii,TV,A-1 Pictures,2018,Primavera,11,Web manga,7.96,528912,222
35994,Satsuriku no Tenshi,TV,J.C.Staff,2018,Verão,16,Jogo,6.87,382383,351
36028,Golden Kamuy,TV,Geno Studio,2018,Primavera,12,Manga,7.83,220135,672
36038,Net-juu no Susume,ONA,Signal.MD,2017,Não aplicável,10,Web manga,7.63,341374,399
36098,Kimi no Suizou wo Tabetai,Filme,Studio VOLN,2018,Não aplicável,1,Novel,8.59,437815,300
36296,Hinamatsuri,TV,feel.,2018,Primavera,12,Manga,8.21,347326,391
36407,Kenja no Mago,TV,SILVER LINK.,2019,Primavera,12,Light novel,6.54,331554,415
36456,Boku no Hero Academia 3rd Season,TV,Bones,2018,Primavera,25,Manga,8.25,1333355,31
36474,Sword Art Online: Alicization,TV,A-1 Pictures,2018,Outono,24,Light novel,7.57,651688,148
36475,Sword Art Online Alternative: Gun Gale Online,TV,Studio 3Hz,2018,Primavera,12,Light novel,7.07,421918,316
36511,Tokyo Ghoul:re,TV,Studio Pierrot,2018,Primavera,12,Manga,6.53,698167,132
36563,Megalo Box,TV,TMS Entertainment,2018,Primavera,13,Original,7.92,340142,395
36649,Banana Fish,TV,MAPPA,2018,Verão,24,Manga,8.45,415468,323
36882,Arifureta Shokugyou de Sekai Saikyou,TV,Asread,2019,Verão,13,Light novel,6.52,353554,383
36896,Boku no Hero Academia the Movie 1: Futari no Hero,Filme,Bones,2018,Não aplicável,1,Manga,7.7,427138,310
36946,Dragon Ball Super Movie: Broly,Filme,Toei Animation,2018,Não aplicável,1,Manga,8.1,207325,711
36949,Shokugeki no Souma: San no Sara - Tootsuki Ressha-hen,TV,J.C.Staff,2018,Primavera,12,Manga,8.08,474921,259
37086,Kakegurui××,TV,MAPPA,2019,Inverno,12,Manga,7.33,435529,303
37095,"Violet Evergarden: Kitto ""Ai"" wo Shiru Hi ga Kuru no Darou",Especial,Kyoto Animation,2018,Não aplicável,1,Light novel,8.32,181036,832
37105,Grand Blue,TV,Zero-G,2018,Verão,12,Manga,8.41,421403,317
37141,Hataraku Saibou (TV),TV,David Production,2018,Verão,13,Manga,7.64,439537,295
37171,Asobi Asobase,TV,Lerche,2018,Verão,12,Manga,8.19,280369,500
37210,Isekai Maou to Shoukan Shoujo no Dorei Majutsu,TV,Ajia-Do,2018,Verão,12,Light novel,6.98,425943,307
37347,Dungeon ni Deai wo Motomeru no wa Machigatteiru Darou ka II,TV,J.C.Staff,2019,Verão,12,Light novel,7.24,500644,237
37349,Goblin Slayer,TV,White Fox,2018,Outono,12,Light novel,7.46,706484,131
37430,Tensei shitara Slime Datta Ken,TV,8bit,2018,Outono,24,Light novel,8.07,747190,117
37450,Seishun Buta Yarou wa Bunny Girl Senpai no Yume wo Minai,TV,CloverWorks,2018,Outono,13,Light novel,8.38,940033,78
37475,Kishuku Gakkou no Juliet,TV,LIDENFILMS,2018,Outono,12,Manga,7.47,216734,675
37510,Mob Psycho 100 II,TV,Bones,2019,Inverno,13,Web manga,8.84,835688,101
37520,Dororo,TV,Tezuka Productions,2019,Inverno,24,Manga,8.19,688715,140
37521,Vinland Saga,TV,Wit Studio,2019,Verão,24,Manga,8.71,671949,145
37675,Overlord III,TV,Madhouse,2018,Verão,13,Light novel,7.95,549484,205
37779,Yakusoku no Neverland,TV,CloverWorks,2019,Inverno,12,Manga,8.65,1133952,55
37799,Tokyo Ghoul:re 2nd Season,TV,Studio Pierrot,2018,Outono,12,Manga,6.33,471661,268
37976,Zombieland Saga,TV,MAPPA,2018,Outono,12,Original,7.52,317337,437
37982,Domestic na Kanojo,TV,Diomedéa,2019,Inverno,12,Manga,6.77,400598,332
37991,JoJo no Kimyou na Bouken Part 5: Ougon no Kaze,TV,David Production,2018,Outono,39,Manga,8.61,542642,211
37999,Kaguya-sama wa Kokurasetai: Tensai-tachi no Renai Zunousen,TV,A-1 Pictures,2019,Inverno,12,Manga,8.43,925543,83
38000,Kimetsu no Yaiba,TV,ufotable,2019,Primavera,26,Manga,8.62,1423778,24
38003,Bungou Stray Dogs 3rd Season,TV,Bones,2019,Primavera,12,Manga,8.17,299019,469
38040,Kono Subarashii Sekai ni Shukufuku wo!: Kurenai Densetsu,Filme,J.C.Staff,2019,Não aplicável,1,Light novel,8.52,418555,321
38101,5-toubun no Hanayome,TV,Tezuka Productions,2019,Inverno,12,Manga,7.59,442930,293
38186,Bokutachi wa Benkyou ga Dekinai,TV,Silver,2019,Primavera,13,Manga,7.33,263544,552
38329,Seishun Buta Yarou wa Yumemiru Shoujo no Yume wo Minai,Filme,CloverWorks,2019,Não aplicável,1,Light novel,8.68,359086,370
38408,Boku no Hero Academia 4th Season,TV,Bones,2019,Outono,25,Manga,8.06,952836,79
38472,Isekai Quartet,TV,Studio PuYUKAI,2019,Primavera,12,Original,7.45,279086,510
38483,Ore wo Suki nano wa Omae dake ka yo,TV,Connect,2019,Outono,12,Light novel,7.39,273098,523
38524,Shingeki no Kyojin Season 3 Part 2,TV,Wit Studio,2019,Primavera,10,Manga,9.1,1073626,63
38555,Otome Game no Hametsu Flag shika Nai Akuyaku Reijou ni Tensei shiteshimatta...,TV,SILVER LINK.,2020,Primavera,12,Light novel,7.49,238610,617
38656,Darwin's Game,TV,Nexus,2020,Inverno,11,Manga,7.3,305455,467
38659,Shinchou Yuusha: Kono Yuusha ga Ore Tueee Kuse ni Shinchou Sugiru,TV,White Fox,2019,Outono,12,Light novel,7.54,357092,376
38668,Dorohedoro,TV,MAPPA,2020,Inverno,12,Manga,8.1,268894,550
38671,Enen no Shouboutai,TV,David Production,2019,Verão,24,Manga,7.68,711770,130
38680,Fruits Basket 1st Season,TV,TMS Entertainment,2019,Primavera,25,Manga,8.2,372802,357
38691,Dr. Stone,TV,TMS Entertainment,2019,Verão,24,Manga,8.34,945133,79
38753,Araburu Kisetsu no Otome-domo yo.,TV,Lay-duce,2019,Verão,12,Manga,7.5,204221,723
38790,Itai no wa Iya nano de Bougyoryoku ni Kyokufuri Shitai to Omoimasu.,TV,SILVER LINK.,2020,Inverno,12,Light novel,7.59,278001,516
38826,Tenki no Ko,Filme,CoMix Wave Films,2019,Não aplicável,1,Original,8.41,475388,259
38883,Haikyuu!!: To the Top,TV,Production I.G,2020,Inverno,13,Manga,8.39,470208,276
39017,Kyokou Suiri,TV,Brain's Base,2020,Inverno,12,Manga,6.96,262705,552
39195,Beastars,TV,Orange,2019,Outono,12,Manga,8.05,462481,281
39198,Kanata no Astra,TV,Lerche,2019,Verão,12,Manga,8.16,197328,756
39547,Yahari Ore no Seishun Love Comedy wa Machigatteiru. Kan,TV,feel.,2020,Verão,12,Light novel,8.46,390621,343
39587,Re:Zero kara Hajimeru Isekai Seikatsu 2nd Season,TV,White Fox,2020,Verão,13,Light novel,8.5,614588,169
39597,Sword Art Online: Alicization - War of Underworld,TV,A-1 Pictures,2019,Outono,12,Light novel,7.63,428786,308
39701,Nanatsu no Taizai: Kamigami no Gekirin,TV,Studio Deen,2019,Outono,24,Manga,6.41,408034,327
39940,Shokugeki no Souma: Shin no Sara,TV,J.C.Staff,2019,Outono,12,Manga,7.76,355360,373
40010,Ishuzoku Reviewers,TV,Passione,2020,Inverno,12,Manga,7.58,311653,444
40221,Kami no Tou,TV,Telecom Animation Film,2020,Primavera,13,Web manga,7.66,534804,219
40454,Dungeon ni Deai wo Motomeru no wa Machigatteiru Darou ka III,TV,J.C.Staff,2020,Outono,12,Light novel,7.49,298231,469
40496,"Maou Gakuin no Futekigousha: Shijou Saikyou no Maou no Shiso, Tensei shite Shison-tachi no Gakkou e",TV,SILVER LINK.,2020,Verão,13,Light novel,7.34,356060,377
40540,Sword Art Online: Alicization - War of Underworld 2nd Season,TV,A-1 Pictures,2020,Verão,11,Light novel,7.42,320775,437
40591,Kaguya-sama wa Kokurasetai?: Tensai-tachi no Renai Zunousen,TV,A-1 Pictures,2020,Primavera,12,Manga,8.74,654744,151
40776,Haikyuu!!: To the Top 2nd Season,TV,Production I.G,2020,Outono,12,Manga,8.57,355906,375
40839,"Kanojo, Okarishimasu",TV,TMS Entertainment,2020,Verão,12,Manga,7.37,442452,291
41353,The God of High School,TV,MAPPA,2020,Verão,13,Web manga,7.07,480227,253
41389,Tonikaku Kawaii,TV,Seven Arcs,2020,Outono,12,Manga,7.96,317474,437
