anime_id,genero_id
1,1
1,2
1,4
1,7
1,29
1,36
5,1
5,7
5,22
5,29
5,36
6,1
6,29
6,2
6,4
6,7
6,33
16,4
16,7
16,15
16,26
16,35
19,7
19,14
19,22
19,24
19,25
19,30
19,40
20,1
20,2
20,4
20,38
20,18
20,33
24,4
24,26
24,28
24,33
27,1
27,39
27,41
30,1
30,29
30,5
30,25
30,7
30,19
31,7
31,19
31,25
31,29
32,29
32,5
32,25
32,7
32,19
33,1
33,2
33,6
33,7
33,9
33,14
33,20
33,26
33,30
33,39
43,1
43,19
43,24
43,25
43,29
43,30
44,1
44,13
44,7
44,26
44,18
44,27
44,33
45,1
45,2
45,4
45,13
45,26
45,27
45,33
47,1
47,20
47,29
47,2
47,14
47,39
47,30
48,10
48,29
48,2
48,22
48,17
48,9
50,4
50,39
50,17
50,26
50,30
57,4
57,7
57,21
57,33
57,35
59,29
59,4
59,7
59,26
59,8
59,30
60,1
60,6
60,13
60,26
60,33
60,39
61,1
61,4
61,17
61,26
61,9
61,28
61,31
63,29
63,11
63,4
63,26
63,8
63,33
64,1
64,4
64,7
64,17
64,30
65,1
65,4
65,7
65,17
65,30
66,35
66,4
66,28
67,1
67,2
67,13
67,39
67,26
67,27
67,9
68,29
68,2
68,4
68,38
68,33
71,1
71,20
71,29
71,4
71,19
72,1
72,4
72,28
73,1
73,20
73,19
79,11
79,4
79,7
79,17
79,26
79,8
79,9
79,28
79,30
90,1
90,20
90,29
90,36
90,7
90,19
93,1
93,7
93,19
93,20
93,26
93,29
93,36
97,1
97,29
97,2
101,35
101,39
101,7
101,26
120,35
120,4
120,39
120,7
120,26
120,31
121,1
121,2
121,4
121,7
121,9
121,17
121,20
121,33
133,4
133,8
133,26
133,28
133,35
134,1
134,25
134,20
134,7
134,29
136,1
136,2
136,38
136,9
136,33
145,4
145,7
145,26
145,28
145,31
145,35
147,7
147,26
147,35
149,1
149,22
149,39
149,7
149,26
149,9
149,15
149,34
150,1
150,20
150,22
150,14
150,39
150,7
150,41
154,1
154,2
154,4
154,38
154,39
154,33
157,4
157,8
157,9
157,11
157,17
157,26
157,28
157,33
157,38
157,39
164,1
164,2
164,9
169,1
169,14
169,22
169,26
169,38
169,39
169,41
170,4
170,7
170,28
170,33
170,37
174,1
174,8
174,18
174,4
174,38
174,28
174,33
177,1
177,2
177,9
177,17
177,26
177,39
177,33
185,1
185,3
185,7
185,30
185,37
186,1
186,3
186,7
186,30
186,37
189,4
189,8
189,11
189,26
189,33
189,35
190,4
190,7
190,8
190,26
190,33
195,29
195,4
195,7
195,26
195,28
199,2
199,39
199,7
202,1
202,2
202,7
202,9
202,22
202,29
205,1
205,2
205,4
205,13
205,27
205,33
223,2
223,4
223,9
223,18
223,33
223,38
225,1
225,29
225,2
225,4
225,38
225,17
225,9
225,33
226,1
226,14
226,25
226,39
226,7
226,26
226,30
227,1
227,29
227,4
227,23
227,5
227,25
227,19
228,22
228,14
228,25
228,39
232,2
232,4
232,7
232,17
232,26
232,9
232,28
232,31
237,2
237,7
237,19
237,26
237,29
240,35
240,4
240,23
241,11
241,4
241,26
241,8
241,9
241,28
241,33
245,35
245,4
245,7
245,28
245,33
248,4
248,8
248,11
248,26
248,33
249,1
249,2
249,4
249,13
249,6
249,39
249,17
249,26
249,9
249,33
256,29
256,36
256,7
256,26
256,19
257,8
257,38
257,18
257,28
263,4
263,37
263,7
263,33
268,2
268,4
268,8
269,1
269,2
269,4
269,38
269,39
269,33
270,1
270,14
270,39
270,41
270,30
317,1
317,38
317,9
322,4
322,7
322,15
322,26
322,35
323,22
323,5
323,24
323,25
323,39
323,7
323,40
330,4
330,7
330,26
330,8
330,33
339,5
339,7
339,22
339,25
339,29
339,39
355,1
355,7
355,9
355,26
355,28
355,39
356,1
356,39
356,17
356,26
356,9
357,4
357,17
357,8
372,4
372,7
372,9
372,17
372,26
372,31
376,14
376,25
376,39
376,7
376,8
376,30
384,1
384,29
384,14
384,25
384,39
384,7
384,8
387,35
387,22
387,25
387,7
387,9
392,1
392,4
392,6
392,39
392,18
392,33
395,1
395,29
395,14
395,25
395,39
395,7
395,8
405,14
405,39
405,41
416,1
416,20
416,2
416,4
416,13
416,7
416,26
430,20
430,4
430,13
430,7
430,9
430,33
431,2
431,7
431,9
431,26
433,7
433,20
433,26
433,29
437,5
437,7
437,14
437,25
442,2
442,4
442,13
442,39
442,7
442,33
457,2
457,35
457,22
457,13
457,39
457,9
457,30
467,1
467,20
467,29
467,24
467,19
467,30
468,20
468,29
468,24
468,25
468,19
469,4
469,26
469,41
469,28
469,33
481,2
481,10
481,33
482,1
482,10
482,4
482,9
482,33
486,1
486,2
486,25
486,35
512,2
512,4
512,7
512,17
512,26
512,9
513,2
513,9
513,26
513,29
523,2
523,4
523,39
527,1
527,2
527,4
527,16
527,9
528,1
528,2
528,4
528,16
528,7
528,9
530,6
530,17
530,26
530,31
543,1
543,29
543,14
543,7
543,26
543,41
543,9
550,1
550,10
550,4
550,9
550,33
552,1
552,2
552,4
552,9
552,16
572,2
572,9
578,7
578,13
585,35
585,7
585,26
585,31
587,4
587,7
587,26
594,1
594,2
594,4
594,33
594,38
597,2
597,7
597,9
710,4
710,7
710,26
710,30
740,6
740,17
740,26
740,31
759,4
759,7
762,1
762,2
762,39
762,7
762,33
777,1
777,20
777,14
777,39
777,41
777,30
790,25
790,22
790,29
801,1
801,20
801,29
801,22
801,24
801,19
801,30
813,1
813,2
813,4
813,9
813,18
813,33
813,38
834,1
834,2
834,4
834,38
834,39
834,33
846,4
846,26
846,28
846,33
849,4
849,22
849,23
849,28
849,29
849,35
853,4
853,11
853,26
853,28
853,31
856,1
856,7
856,9
856,29
857,1
857,4
857,8
857,33
857,37
861,4
861,7
861,22
861,25
861,39
874,2
874,4
874,7
874,9
874,33
877,21
877,35
877,4
877,7
877,26
877,31
889,1
889,30
894,1
894,29
894,2
894,4
894,9
894,33
896,1
896,2
896,4
896,9
896,29
896,33
898,1
898,2
898,4
898,9
898,29
898,33
899,1
899,2
899,4
899,9
899,29
899,33
901,1
901,2
901,4
901,9
901,29
901,33
903,1
903,2
903,4
903,6
903,9
903,18
903,33
903,38
905,1
905,2
905,4
905,9
905,29
905,33
918,1
918,4
918,13
918,23
918,27
918,29
918,33
934,22
934,5
934,14
934,25
934,39
934,40
936,2
936,4
936,7
936,9
936,33
936,39
969,1
969,2
969,9
969,26
969,39
969,7
969,22
969,33
1004,7
1004,25
1004,26
1004,35
1033,1
1033,2
1033,7
1033,9
1033,13
1033,26
1117,2
1117,4
1117,16
1117,7
1117,9
1118,1
1118,2
1118,4
1118,16
1118,7
1118,9
1119,2
1119,4
1119,16
1119,7
1119,9
1132,1
1132,2
1132,4
1132,7
1132,9
1132,33
1142,7
1142,15
1142,26
1142,35
1195,1
1195,2
1195,11
1195,4
1195,17
1195,26
1195,8
1195,9
1195,28
1210,4
1210,25
1210,7
1210,26
1222,35
1222,7
1222,26
1222,31
1292,1
1292,2
1292,27
1313,1
1313,2
1313,4
1313,7
1313,9
1313,16
1361,29
1482,1
1482,2
1482,4
1482,38
1482,6
1482,33
1519,1
1519,30
1530,35
1530,39
1530,7
1530,26
1535,22
1535,24
1535,25
1535,39
1535,40
1535,33
1536,1
1536,9
1536,39
1536,4
1536,28
1536,33
1559,1
1559,4
1559,18
1559,28
1559,33
1562,4
1562,31
1564,1
1564,2
1564,4
1564,16
1564,9
1571,22
1571,4
1571,14
1571,39
1571,31
1575,1
1575,20
1575,29
1575,38
1575,7
1575,19
1575,28
1594,22
1594,14
1594,25
1594,39
1604,1
1604,4
1604,33
1604,38
1639,12
1639,42
1686,1
1686,2
1686,4
1686,38
1686,39
1686,33
1689,7
1689,26
1689,35
1691,1
1691,17
1691,26
1691,9
1691,33
1698,21
1698,35
1698,4
1698,7
1698,26
1698,15
1699,7
1699,9
1699,13
1699,26
1723,7
1723,26
1723,9
1723,28
1726,1
1726,6
1726,9
1735,1
1735,2
1735,4
1735,38
1735,18
1735,33
1818,1
1818,2
1818,38
1818,6
1818,39
1818,9
1818,33
1827,1
1827,2
1827,13
1827,9
1829,2
1829,17
1829,9
1840,1
1840,2
1840,11
1840,4
1840,17
1840,26
1840,8
1840,9
1840,28
1887,35
1887,4
1887,23
1887,28
1889,22
1889,25
1889,39
1889,40
1943,5
1943,9
1943,14
1943,22
1943,25
1943,29
1943,40
1965,7
1965,26
1965,35
1965,39
2001,1
2001,2
2001,4
2001,19
2001,29
2025,1
2025,29
2025,22
2025,38
2026,1
2026,11
2026,4
2026,23
2026,26
2026,33
2034,4
2034,26
2034,31
2104,4
2104,23
2104,26
2104,28
2104,33
2129,7
2129,26
2129,28
2131,4
2131,17
2131,8
2144,1
2144,2
2167,4
2167,7
2167,26
2167,28
2167,35
2167,39
2236,2
2236,7
2236,26
2236,29
2251,1
2251,4
2251,13
2251,22
2251,39
2404,1
2404,14
2404,33
2404,39
2418,1
2418,2
2418,13
2418,27
2472,1
2472,2
2472,4
2472,9
2472,33
2476,11
2476,7
2476,26
2476,28
2581,1
2581,20
2581,29
2581,36
2581,7
2581,19
2593,1
2593,22
2593,39
2593,40
2605,4
2605,23
2605,28
2605,33
2759,1
2759,29
2759,25
2759,7
2759,19
2787,1
2787,39
2787,7
2787,26
2787,9
2787,28
2889,1
2889,2
2889,4
2889,38
2889,39
2889,33
2890,2
2890,9
2904,1
2904,20
2904,29
2904,38
2904,7
2904,19
2923,4
2923,17
2923,28
2923,31
2924,22
2924,7
2924,26
2926,7
2926,26
2926,28
2952,1
2952,9
2952,38
2961,1
2961,9
2961,16
2961,29
2963,35
2963,4
2963,28
2966,2
2966,9
2966,13
2966,26
2993,11
2993,4
2993,26
2993,8
2993,41
2993,9
2993,28
2993,33
2994,22
2994,24
2994,25
2994,39
2994,40
3002,10
3002,25
3002,40
3002,30
3091,22
3091,4
3091,25
3091,39
3091,7
3092,4
3092,7
3092,26
3092,34
3167,29
3167,35
3228,4
3228,23
3228,28
3228,33
3229,4
3229,8
3229,11
3229,23
3229,26
3342,1
3342,14
3342,29
3342,32
3342,39
3455,29
3455,11
3455,4
3455,26
3455,8
3455,28
3455,33
3457,7
3457,22
3457,26
3457,31
3457,39
3457,41
3467,4
3467,26
3470,4
3470,26
3470,28
3470,31
3503,4
3503,8
3503,11
3503,26
3503,28
3503,33
3503,35
3503,39
3572,1
3572,36
3572,19
3572,26
3572,20
3572,21
3572,29
3588,1
3588,9
3588,4
3588,39
3588,33
3652,22
3652,4
3652,25
3652,39
3652,40
3655,1
3655,9
3655,39
3655,4
3655,7
3655,33
3667,1
3667,8
3667,17
3667,20
3667,29
3702,21
3702,4
3702,30
3712,1
3712,2
3712,11
3712,4
3712,17
3712,26
3712,8
3712,9
3712,28
3731,4
3731,26
3731,31
3782,1
3782,22
3782,39
3782,26
3782,40
3783,1
3783,22
3783,39
3783,7
3783,40
3784,1
3784,29
3784,25
3784,7
3784,19
3785,1
3785,29
3785,25
3785,7
3785,19
3901,1
3901,4
3901,13
3901,22
3901,39
3927,1
3927,7
3927,19
3927,20
3927,29
3927,36
3958,4
3958,28
3958,33
3958,39
4059,7
4059,26
4059,28
4059,35
4063,1
4063,4
4063,8
4063,11
4063,38
4081,35
4081,6
4081,39
4081,7
4081,31
4107,1
4107,4
4107,19
4155,1
4155,2
4155,4
4155,7
4155,9
4155,33
4181,35
4181,4
4181,39
4181,7
4181,26
4182,29
4182,4
4182,23
4186,1
4186,2
4186,9
4186,28
4186,29
4214,4
4214,8
4214,9
4214,11
4214,26
4214,28
4214,41
4224,35
4224,4
4224,26
4224,28
4280,1
4280,22
4280,39
4280,40
4282,1
4282,22
4282,39
4282,7
4282,26
4282,40
4382,4
4382,22
4382,23
4382,26
4382,28
4382,29
4382,35
4437,1
4437,18
4437,33
4437,39
4472,4
4472,23
4472,28
4472,35
4477,4
4477,15
4477,21
4477,26
4477,35
4565,1
4565,19
4565,29
4565,36
4565,38
4654,1
4654,17
4654,29
4654,38
4722,4
4722,7
4722,26
4722,31
4725,1
4725,38
4725,39
4725,40
4744,11
4744,4
4744,26
4744,8
4744,28
4752,7
4752,22
4752,26
4752,31
4752,39
4752,41
4789,22
4789,39
4789,7
4789,26
4814,4
4814,7
4814,26
4814,34
4835,1
4835,2
4835,4
4835,38
4835,39
4835,33
4896,22
4896,14
4896,25
4896,39
4898,1
4898,22
4898,4
4898,13
4898,6
4898,39
4898,33
4901,1
4901,30
4975,29
4975,11
4975,22
4975,25
4975,39
4999,11
4999,4
4999,26
4999,8
4999,18
4999,33
5030,4
5030,23
5030,28
5030,32
5040,37
5040,25
5040,30
5042,4
5042,8
5042,11
5042,26
5042,28
5042,30
5060,4
5060,13
5060,23
5081,26
5081,39
5081,22
5081,41
5112,4
5112,8
5112,9
5112,26
5114,1
5114,20
5114,2
5114,4
5114,7
5114,17
5114,9
5114,33
5177,22
5177,40
5177,28
5204,1
5204,17
5204,22
5204,26
5204,39
5204,40
5205,1
5205,22
5205,39
5205,26
5205,40
5258,4
5258,37
5258,7
5258,33
5277,1
5277,4
5277,8
5277,11
5277,38
5300,35
5300,6
5300,39
5300,7
5300,31
5341,2
5341,13
5341,26
5341,9
5355,1
5355,13
5355,18
5355,27
5355,38
5356,1
5356,29
5356,38
5356,39
5356,30
5365,7
5525,1
5525,6
5525,9
5525,15
5525,17
5525,20
5530,2
5530,9
5530,22
5530,33
5530,39
5630,1
5630,29
5630,22
5630,7
5630,26
5630,40
5667,4
5667,8
5667,11
5667,28
5667,29
5667,33
5680,21
5680,35
5680,4
5680,28
5681,29
5681,4
5682,1
5682,7
5682,30
5682,40
5690,4
5690,15
5690,21
5690,26
5764,4
5764,8
5764,9
5764,11
5764,17
5909,11
5909,4
5909,23
5909,28
5940,1
5940,2
5940,9
5958,29
5958,11
5958,4
5958,39
5958,26
5958,8
5958,33
6007,2
6007,9
6007,13
6007,26
6033,1
6033,2
6033,4
6033,9
6033,18
6033,33
6033,38
6045,35
6045,7
6045,26
6045,28
6045,31
6114,7
6114,13
6114,30
6114,40
6166,4
6166,8
6166,11
6166,26
6166,29
6201,11
6201,4
6201,8
6201,28
6205,1
6205,4
6205,8
6205,26
6205,28
6205,32
6205,38
6211,7
6213,1
6213,29
6213,38
6324,1
6324,11
6324,4
6324,6
6324,39
6324,26
6324,8
6324,9
6325,1
6325,4
6325,18
6325,33
6325,38
6347,4
6347,26
6347,28
6347,38
6351,7
6351,26
6351,28
6372,4
6372,7
6372,22
6372,26
6372,35
6372,40
6421,20
6421,2
6421,7
6421,17
6421,9
6421,33
6500,1
6500,38
6500,39
6500,8
6500,30
6512,11
6512,4
6512,26
6547,1
6547,4
6547,7
6547,28
6547,39
6573,1
6573,29
6573,22
6573,38
6594,1
6594,2
6594,13
6594,18
6594,26
6637,1
6637,4
6637,7
6637,22
6637,26
6637,40
6675,1
6675,29
6675,3
6675,37
6682,1
6682,8
6682,38
6682,39
6702,1
6702,2
6702,4
6702,17
6702,9
6702,33
6707,1
6707,4
6707,13
6707,6
6707,39
6707,33
6746,1
6746,22
6746,39
6747,1
6747,39
6747,41
6773,1
6773,39
6773,7
6773,26
6773,9
6811,1
6811,2
6811,4
6811,13
6811,6
6811,39
6811,17
6811,26
6811,9
6811,33
6862,4
6862,21
6862,28
6862,35
6880,1
6880,14
6880,29
6880,33
6880,39
6895,1
6895,13
6895,39
6895,7
6895,27
6895,15
6922,1
6922,9
6922,17
6922,39
6956,4
6956,26
6956,30
6956,35
6987,8
6987,26
6987,30
7054,4
7054,26
7054,28
7054,31
7059,1
7059,35
7059,7
7059,28
7088,1
7088,11
7088,4
7088,17
7088,8
7088,9
7088,28
7148,11
7148,4
7148,26
7148,8
7148,28
7311,4
7311,22
7311,26
7311,28
7311,29
7311,39
7338,1
7338,22
7338,29
7338,38
7465,29
7465,35
7472,1
7472,29
7472,4
7472,13
7472,23
7472,27
7472,33
7592,1
7592,6
7592,33
7592,39
7593,11
7593,4
7593,26
7593,8
7593,28
7593,30
7647,4
7647,26
7647,30
7674,4
7674,7
7674,26
7674,33
7711,9
7724,14
7724,22
7724,39
7724,40
7724,41
7769,4
7769,23
7769,26
7785,22
7785,4
7785,25
7785,26
7791,4
7791,21
7791,28
7791,35
7817,4
7817,8
7817,26
7817,28
7817,30
7858,29
7858,11
7858,4
7858,39
7858,8
7858,33
8074,1
8074,14
8074,39
8074,8
8074,33
8086,1
8086,2
8086,17
8086,9
8086,33
8129,35
8129,4
8129,15
8142,7
8142,35
8142,39
8246,1
8246,4
8246,18
8246,33
8246,38
8247,1
8247,2
8247,4
8247,38
8247,39
8247,33
8277,1
8277,11
8277,4
8277,8
8277,27
8277,28
8407,4
8407,8
8407,11
8407,26
8407,29
8407,33
8407,39
8408,1
8408,4
8408,39
8424,11
8424,4
8424,8
8424,28
8425,22
8425,13
8425,7
8425,26
8460,1
8460,33
8460,39
8516,4
8516,26
8516,28
8516,38
8525,4
8525,11
8525,26
8525,33
8525,39
8536,4
8536,26
8536,28
8536,39
8536,41
8557,4
8557,33
8557,35
8630,1
8630,4
8630,26
8630,28
8675,4
8675,28
8675,33
8675,35
8676,35
8676,4
8676,26
8676,28
8769,35
8769,4
8795,1
8795,4
8795,23
8795,39
8795,8
8841,1
8841,4
8841,8
8841,11
8841,17
8841,39
8861,7
8861,8
8861,11
8861,26
8888,1
8888,19
8888,20
8888,29
8937,1
8937,17
8937,29
8937,38
9041,1
9041,29
9041,11
9041,4
9041,8
9041,19
9062,1
9062,4
9062,28
9062,39
9074,4
9074,26
9074,30
9135,1
9135,2
9135,4
9135,7
9135,9
9135,17
9135,20
9135,33
9181,29
9181,11
9181,4
9181,8
9181,28
9181,33
9253,40
9253,29
9260,41
9289,35
9289,4
9289,7
9330,1
9330,17
9330,26
9330,28
9330,30
9330,39
9331,1
9331,39
9366,4
9366,28
9366,31
9367,1
9367,29
9367,11
9367,7
9367,26
9367,8
9367,18
9367,30
9379,29
9379,35
9379,4
9471,4
9471,28
9471,38
9513,1
9513,4
9513,6
9513,39
9513,28
9513,33
9515,4
9515,8
9515,39
9617,21
9617,35
9617,4
9656,35
9656,7
9656,26
9656,28
9656,31
9734,4
9734,21
9734,28
9734,35
9736,4
9736,6
9736,8
9736,9
9736,26
9736,30
9756,25
9756,7
9756,17
9756,40
9760,2
9760,26
9760,9
9790,4
9790,7
9790,8
9790,11
9790,26
9790,29
9790,33
9790,39
9919,1
9919,6
9919,9
9919,33
9919,39
9926,4
9926,7
9926,26
9926,34
9936,1
9936,8
9936,11
9936,18
9936,28
9936,38
9941,1
9941,22
9941,4
9941,38
9969,1
9969,29
9969,4
9969,13
9969,23
9969,27
9969,33
9982,4
9982,8
9982,9
9982,17
9982,33
9989,35
9989,39
9989,7
10012,4
10012,23
10012,39
10020,35
10020,4
10029,13
10029,26
10029,28
10029,31
10030,4
10030,7
10030,26
10030,33
10049,1
10049,6
10049,33
10049,39
10067,39
10067,7
10067,28
10079,4
10079,8
10079,11
10079,26
10079,28
10080,4
10080,11
10080,26
10080,33
10080,39
10087,1
10087,39
10087,17
10087,9
10110,11
10110,4
10110,26
10110,8
10110,28
10155,1
10155,2
10155,9
10155,17
10161,1
10161,29
10161,22
10161,7
10162,35
10162,15
10163,1
10163,22
10163,38
10163,40
10165,35
10165,4
10165,28
10165,33
10209,1
10209,11
10209,4
10209,39
10209,17
10209,8
10213,11
10213,4
10213,38
10213,26
10213,8
10213,18
10213,28
10218,1
10218,20
10218,2
10218,6
10218,39
10218,9
10218,30
10271,10
10271,25
10271,40
10271,30
10321,11
10321,21
10321,4
10321,26
10321,28
10321,31
10379,35
10379,6
10379,39
10379,7
10379,31
10396,1
10396,4
10396,18
10397,11
10397,7
10397,26
10397,28
10408,7
10408,26
10408,31
10408,39
10418,1
10418,29
10418,14
10418,33
10490,1
10490,22
10490,14
10490,39
10490,41
10490,28
10495,35
10495,4
10495,28
10495,32
10521,4
10521,26
10521,30
10521,35
10568,22
10578,1
10578,4
10578,8
10578,28
10578,39
10588,29
10588,2
10588,22
10588,38
10588,39
10588,28
10589,1
10589,2
10589,18
10589,38
10589,22
10589,33
10620,1
10620,22
10620,25
10620,33
10620,39
10620,40
10711,4
10711,28
10711,30
10719,8
10719,35
10719,4
10719,11
10719,26
10719,28
10721,22
10721,4
10721,5
10721,25
10721,7
10790,1
10790,11
10790,4
10790,39
10790,17
10790,8
10793,1
10793,29
10793,38
10793,7
10793,26
10793,19
10794,1
10794,29
10794,11
10794,4
10794,8
10794,19
10800,7
10800,10
10800,15
10800,28
10800,35
10800,37
10805,4
10805,21
10805,33
10805,39
10863,29
10863,4
10863,40
10897,35
10897,4
10897,26
10897,28
11013,4
11013,39
11013,26
11013,33
11061,1
11061,2
11061,9
11061,33
11061,38
11111,22
11111,14
11111,39
11111,40
11111,28
11179,4
11179,26
11179,35
11235,35
11235,4
11235,26
11235,28
11266,1
11266,6
11266,9
11266,33
11266,39
11285,1
11285,7
11285,28
11285,35
11319,2
11319,17
11319,26
11319,8
11319,9
11433,4
11433,7
11433,26
11433,29
11433,35
11499,4
11499,8
11499,14
11499,26
11499,33
11499,39
11553,35
11553,4
11553,26
11553,28
11577,29
11577,7
11597,22
11597,4
11597,39
11597,8
11617,4
11617,6
11617,8
11617,11
11617,26
11617,28
11633,1
11633,4
11633,6
11633,30
11633,39
11633,41
11665,35
11665,6
11665,39
11665,7
11665,31
11701,14
11701,22
11701,40
11703,1
11703,4
11703,38
11703,39
11703,28
11703,33
11737,1
11737,6
11737,9
11737,33
11737,39
11741,1
11741,39
11741,17
11741,9
11757,1
11757,10
11757,2
11757,26
11757,9
11759,1
11759,10
11759,29
11759,26
11759,28
11761,1
11761,4
11761,8
11761,18
11761,28
11761,33
11761,38
11771,4
11771,28
11771,33
11771,37
11785,29
11785,4
11785,23
11843,35
11843,4
11843,28
11887,35
11887,4
11887,39
11887,7
11887,26
11887,28
11933,4
11933,13
11933,26
11977,25
11977,7
11977,17
11977,40
11979,7
11979,17
11979,25
11979,40
11981,22
11981,25
11981,7
11981,17
11981,40
12049,1
12049,2
12049,4
12049,9
12049,17
12049,33
12113,1
12113,2
12113,6
12113,7
12113,9
12113,14
12113,20
12113,30
12113,39
12115,1
12115,2
12115,6
12115,7
12115,9
12115,14
12115,20
12115,30
12115,39
12175,7
12175,26
12175,28
12189,22
12189,28
12189,35
12291,35
12291,4
12291,26
12291,28
12293,4
12293,8
12293,9
12293,11
12293,17
12293,26
12355,9
12355,35
12365,4
12365,7
12365,26
12365,33
12403,35
12403,4
12403,28
12403,32
12413,1
12413,2
12413,30
12445,14
12445,22
12445,26
12445,28
12445,33
12445,39
12467,26
12467,28
12467,30
12477,2
12477,29
12531,7
12531,15
12531,21
12531,26
12531,28
12549,4
12549,39
12549,26
12549,8
12729,4
12729,6
12729,8
12729,26
12729,28
12859,1
12859,2
12859,4
12859,7
12859,9
12859,33
12893,4
12893,28
12893,33
12893,35
12967,1
12967,11
12967,39
12967,26
12967,31
13055,4
13055,8
13055,14
13055,26
13055,33
13055,39
13125,7
13125,14
13125,22
13125,25
13125,29
13125,39
13161,1
13161,38
13161,8
13161,9
13331,1
13331,2
13331,30
13333,21
13333,35
13333,28
13357,8
13357,4
13357,11
13357,26
13357,6
13357,28
13367,4
13367,8
13367,11
13367,22
13367,26
13367,28
13469,22
13469,28
13469,35
13535,4
13535,23
13535,33
13535,39
13599,29
13599,22
13599,7
13599,19
13599,28
13601,1
13601,29
13601,24
13601,25
13655,35
13655,4
13655,39
13655,7
13655,28
13659,4
13659,26
13659,35
13663,4
13663,8
13663,11
13663,26
13663,28
13663,29
13663,33
13667,1
13667,2
13667,38
13667,18
13667,33
13759,35
13759,4
13759,7
13759,26
13759,28
13807,14
13807,28
14027,11
14027,35
14027,4
14027,26
14027,28
14075,1
14075,22
14075,25
14075,7
14075,17
14075,9
14075,33
14131,1
14131,37
14131,20
14131,28
14199,4
14199,8
14199,11
14199,26
14199,28
14227,35
14227,4
14227,26
14227,28
14227,31
14289,7
14289,26
14289,28
14289,31
14345,1
14345,29
14345,25
14345,30
14349,2
14349,4
14349,17
14349,9
14349,28
14353,10
14353,22
14353,25
14353,7
14353,40
14397,7
14397,10
14397,15
14397,28
14397,35
14397,37
14467,1
14467,22
14467,38
14467,39
14513,1
14513,2
14513,9
14513,17
14513,33
14713,4
14713,6
14713,39
14713,26
14713,9
14713,31
14719,1
14719,2
14719,39
14719,41
14719,33
14741,35
14741,4
14741,7
14741,26
14741,28
14749,4
14749,11
14749,26
14749,28
14811,4
14811,28
14811,35
14813,35
14813,4
14813,7
14813,26
14813,28
14829,1
14829,4
14829,17
14829,9
14833,2
14833,6
14833,26
14833,9
14837,1
14837,2
14837,38
14837,18
14837,9
14837,33
14967,11
14967,35
14967,4
14967,26
14967,28
15037,22
15037,14
15037,39
15039,35
15039,39
15039,7
15051,21
15051,35
15051,28
15085,11
15085,22
15085,26
15085,9
15085,15
15117,4
15117,11
15117,26
15117,39
15117,33
15225,11
15225,4
15225,39
15225,26
15225,28
15315,1
15315,4
15315,9
15315,39
15335,1
15335,29
15335,4
15335,13
15335,23
15335,27
15335,33
15379,4
15379,7
15379,26
15379,28
15417,1
15417,4
15417,13
15417,23
15417,27
15417,29
15417,33
15451,1
15451,11
15451,4
15451,6
15451,26
15451,8
15451,28
15583,29
15583,11
15583,4
15583,26
15583,19
15583,28
15687,4
15687,28
15689,4
15689,39
15689,26
15689,8
15699,29
15699,4
15699,23
15809,4
15809,6
15809,39
15809,26
15809,9
16001,4
16001,7
16001,26
16001,28
16001,35
16001,39
16009,2
16009,22
16009,9
16011,1
16011,4
16011,39
16011,17
16011,26
16011,28
16035,1
16035,9
16035,15
16035,22
16035,29
16049,1
16049,29
16049,38
16067,7
16067,9
16067,26
16353,4
16353,26
16353,28
16417,35
16417,4
16498,1
16498,20
16498,22
16498,38
16498,7
16498,9
16498,33
16512,1
16512,6
16512,39
16524,1
16524,29
16524,2
16524,19
16592,22
16592,14
16592,25
16592,28
16662,7
16662,13
16662,26
16668,1
16668,20
16668,36
16668,19
16706,11
16706,4
16706,39
16706,26
16706,33
16742,35
16742,4
16742,28
16762,1
16762,25
16762,39
16762,33
16782,35
16782,25
16782,7
16782,26
16870,1
16870,38
16870,26
16870,18
16870,33
16894,4
16894,37
16894,28
16894,33
16904,1
16904,38
16904,39
16918,4
16918,28
16918,33
16918,35
16934,4
16934,7
16934,26
16934,28
16934,35
17074,22
17074,4
17074,39
17074,26
17074,41
17247,1
17247,8
17247,9
17247,28
17265,1
17265,10
17265,2
17265,17
17265,9
17513,11
17513,28
17513,31
17513,41
17549,4
17549,28
17549,30
17549,35
17641,29
17641,11
17641,4
17641,26
17641,28
17729,7
17729,11
17729,25
17729,26
17729,28
17777,4
17777,8
17777,26
17777,33
17777,39
17895,4
17895,7
17895,26
18001,1
18001,20
18001,29
18001,11
18001,7
18001,26
18001,8
18001,18
18001,30
18095,4
18095,23
18095,26
18095,8
18095,28
18115,1
18115,2
18115,17
18115,9
18115,33
18119,4
18119,30
18119,35
18139,4
18139,28
18139,30
18153,35
18153,39
18153,9
18179,4
18179,37
18179,7
18179,33
18195,35
18195,4
18195,39
18195,7
18195,26
18195,28
18229,29
18229,2
18245,7
18245,21
18245,26
18245,35
18247,1
18247,29
18247,11
18247,4
18247,8
18247,19
18277,1
18277,11
18277,39
18277,8
18277,41
18277,9
18277,28
18397,1
18397,38
18397,7
18397,9
18397,33
18507,35
18507,4
18507,37
18507,7
18507,28
18671,4
18671,7
18671,26
18671,28
18671,35
18677,4
18677,26
18677,8
18677,9
18679,1
18679,4
18679,38
18679,8
18679,28
18753,4
18753,26
18753,28
18857,35
18857,4
18857,26
18897,11
18897,4
18897,26
18897,28
18897,33
19111,21
19111,28
19111,35
19163,4
19163,11
19163,19
19163,26
19163,28
19163,29
19221,11
19221,4
19221,26
19221,28
19315,9
19315,14
19315,25
19363,4
19363,28
19363,33
19363,35
19369,11
19369,4
19369,23
19369,9
19429,1
19429,28
19429,32
19489,2
19489,4
19489,17
19489,9
19489,28
19647,4
19647,37
19647,7
19647,33
19685,4
19685,11
19685,26
19685,28
19769,1
19769,9
19769,17
19775,1
19775,19
19775,29
19775,30
19775,36
19815,10
19815,2
19815,4
19815,39
19815,8
19815,9
20021,1
20021,2
20021,9
20021,10
20021,26
20031,10
20031,4
20031,28
20031,30
20047,35
20047,4
20047,26
20047,28
20047,30
20047,32
20057,29
20057,36
20057,4
20159,1
20159,2
20159,4
20159,9
20159,16
20507,1
20507,2
20507,4
20507,39
20507,33
20509,1
20509,4
20509,9
20509,17
20541,35
20541,4
20541,26
20541,28
20583,4
20583,37
20583,7
20583,28
20583,33
20689,22
20689,4
20689,38
20689,7
20767,1
20767,2
20767,4
20767,39
20767,33
20785,1
20785,29
20785,39
20785,17
20785,26
20785,28
20787,1
20787,29
20787,22
20787,30
20847,35
20847,4
20847,28
20847,33
20853,1
20853,2
20853,4
20853,26
20853,9
20899,1
20899,2
20899,39
20899,7
20899,33
21033,4
21033,8
21033,9
21033,28
21085,1
21085,9
21085,17
21085,30
21085,39
21105,4
21105,26
21105,34
21273,35
21273,4
21327,35
21327,4
21327,28
21327,33
21339,1
21339,20
21339,24
21339,29
21405,35
21405,4
21405,26
21405,28
21405,30
21431,7
21431,22
21431,29
21431,30
21511,1
21511,20
21511,29
21511,35
21511,28
21557,22
21557,25
21557,7
21561,2
21561,4
21561,22
21561,39
21603,29
21603,4
21603,38
21603,39
21603,26
21647,4
21647,26
21647,35
21659,1
21659,4
21659,38
21659,28
21843,1
21843,2
21843,6
21843,39
21843,17
21843,9
21855,22
21855,4
21855,39
21863,11
21863,35
21863,4
21863,8
21863,30
21881,1
21881,10
21881,2
21881,26
21881,9
21939,2
21939,35
21939,22
21939,13
21939,39
21939,9
21939,30
21995,4
21995,7
21995,26
21995,28
21995,31
21995,35
22043,1
22043,2
22043,4
22043,9
22043,17
22043,33
22101,2
22101,26
22101,9
22101,31
22135,7
22135,25
22135,30
22135,37
22145,1
22145,22
22145,4
22145,13
22145,6
22145,39
22145,33
22147,4
22147,7
22147,9
22147,17
22199,1
22199,2
22199,7
22199,9
22199,33
22265,35
22265,4
22265,37
22265,7
22265,28
22297,1
22297,9
22297,17
22297,39
22319,1
22319,22
22319,14
22319,25
22319,39
22319,7
22319,30
22535,1
22535,29
22535,14
22535,25
22535,7
22535,30
22663,1
22663,9
22663,11
22663,26
22663,28
22663,39
22687,1
22687,29
22687,36
22687,14
22687,7
22687,30
22729,1
22729,20
22729,29
22729,19
22789,4
22789,35
22865,11
22865,4
22865,39
22865,28
22877,1
22877,11
22877,4
22877,39
22877,26
22877,8
22877,9
22877,28
22961,35
22961,26
23079,26
23079,35
23079,39
23199,1
23199,22
23199,39
23233,1
23233,8
23233,9
23233,26
23233,11
23233,6
23251,4
23251,39
23251,33
23273,7
23273,21
23273,26
23273,28
23273,33
23277,11
23277,4
23277,26
23277,8
23277,28
23281,1
23281,29
23281,24
23281,25
23283,22
23283,25
23283,40
23289,4
23289,26
23289,28
23309,1
23309,11
23309,24
23309,8
23321,1
23321,10
23321,2
23321,17
23321,9
23623,4
23623,28
23623,30
23623,35
23673,4
23673,26
23673,28
23673,31
23755,1
23755,2
23755,8
23755,9
23755,17
23755,33
23755,39
23847,35
23847,4
23847,7
23847,26
23847,28
24133,1
24133,8
24133,9
24133,11
24133,20
24133,26
24133,39
24227,4
24227,11
24227,26
24227,28
24227,33
24231,1
24231,2
24231,4
24231,26
24231,9
24415,4
24415,37
24415,28
24415,33
24439,1
24439,4
24439,38
24439,39
24439,41
24439,9
24439,33
24455,2
24455,8
24455,9
24455,11
24455,26
24655,11
24655,26
24655,29
24701,2
24701,9
24701,13
24701,22
24701,30
24701,35
24701,39
24703,1
24703,4
24703,6
24703,8
24703,11
24703,26
24703,28
24765,35
24765,25
24765,28
24765,14
24765,22
24833,1
24833,4
24833,28
24833,33
24991,8
24991,9
24991,10
25013,1
25013,2
25013,4
25013,9
25013,26
25013,31
25099,4
25099,8
25099,11
25099,26
25099,28
25157,1
25157,11
25157,4
25157,39
25157,17
25157,26
25157,8
25157,9
25157,28
25157,33
25159,11
25159,35
25159,4
25159,39
25159,26
25159,28
25183,1
25183,7
25183,30
25283,1
25283,7
25283,9
25283,17
25283,28
25389,1
25389,2
25389,4
25389,38
25389,18
25389,9
25389,33
25397,1
25397,11
25397,39
25397,26
25397,8
25397,28
25537,1
25537,9
25537,17
25537,39
25681,4
25681,6
25681,39
25681,26
25681,9
25681,31
25777,1
25777,20
25777,22
25777,38
25777,7
25777,9
25777,33
25781,1
25781,9
25781,31
25835,4
25835,7
25879,4
25879,26
25879,30
25879,35
26055,1
26055,2
26055,39
26055,7
26055,33
26243,1
26243,20
26243,39
26243,7
26243,41
26243,33
26349,35
26349,4
26349,26
26349,30
27631,1
27631,9
27631,20
27631,29
27655,1
27655,19
27655,29
27655,36
27775,29
27775,7
27775,26
27787,4
27787,11
27787,26
27787,28
27787,33
27821,1
27821,9
27821,17
27821,39
27831,1
27831,22
27831,39
27833,1
27833,22
27833,39
27899,1
27899,22
27899,14
27899,25
27899,39
27899,7
27899,30
27989,21
27989,28
27989,7
27991,1
27991,38
27991,39
28025,22
28025,4
28025,39
28025,8
28121,1
28121,2
28121,4
28121,26
28121,9
28171,8
28171,28
28171,33
28223,10
28223,22
28223,25
28223,7
28223,40
28249,1
28249,2
28249,7
28249,9
28249,13
28249,33
28297,4
28297,26
28297,31
28497,1
28497,2
28497,9
28497,17
28497,22
28623,1
28623,14
28623,39
28623,7
28623,9
28675,9
28675,35
28675,39
28677,11
28677,22
28677,4
28677,39
28677,26
28677,28
28677,33
28701,1
28701,9
28701,17
28701,39
28725,7
28725,26
28725,28
28735,7
28735,13
28735,15
28755,1
28755,4
28755,18
28755,33
28755,38
28805,2
28805,39
28819,4
28819,8
28819,26
28819,28
28819,33
28825,4
28825,28
28825,30
28825,35
28851,7
28851,28
28851,33
28891,4
28891,37
28891,7
28891,28
28891,33
28907,1
28907,2
28907,9
28907,20
28927,1
28927,20
28927,39
28927,7
28927,41
28927,33
28977,1
28977,4
28977,13
28977,23
28977,27
28977,29
28977,33
28979,4
28979,8
28979,11
28979,26
28979,28
28979,29
28979,33
28999,7
28999,28
28999,38
29067,4
29067,26
29067,30
29067,35
29093,7
29095,7
29095,11
29095,25
29095,26
29317,11
29317,4
29317,26
29317,8
29758,1
29758,22
29758,4
29758,38
29758,39
29758,18
29758,30
29785,4
29785,39
29785,26
29785,41
29785,9
29785,28
29785,33
29786,4
29786,8
29786,28
29803,1
29803,2
29803,9
29803,10
29803,17
29803,39
30015,35
30015,26
30015,28
30123,9
30123,26
30123,7
30123,31
30187,7
30187,22
30187,40
30205,1
30205,4
30205,37
30205,33
30240,4
30240,8
30240,26
30240,28
30240,30
30276,1
30276,29
30276,4
30276,23
30276,38
30276,39
30296,1
30296,26
30296,8
30296,9
30296,28
30307,11
30307,4
30307,26
30307,8
30307,9
30307,30
30363,1
30363,8
30363,9
30363,26
30363,11
30363,6
30458,1
30458,14
30458,39
30458,7
30458,28
30458,30
30484,29
30484,40
30503,1
30503,2
30503,4
30503,39
30503,33
30544,1
30544,4
30544,8
30544,9
30544,11
30544,26
30544,28
30544,29
30544,39
30654,1
30654,4
30654,28
30654,33
30694,1
30694,2
30694,4
30694,38
30694,18
30694,9
30694,33
30727,11
30727,4
30727,26
30727,8
30727,28
30749,1
30749,11
30749,39
30749,26
30749,8
30749,9
30749,19
30749,28
30831,2
30831,4
30831,9
30831,17
30831,23
30831,39
30885,1
30885,2
30885,4
30885,33
30885,39
30911,1
30911,2
30911,17
30911,9
31043,22
31043,25
31043,39
31043,30
31163,1
31163,29
31163,30
31173,7
31173,26
31173,9
31173,31
31181,22
31181,4
31181,39
31181,41
31240,25
31240,7
31240,40
31240,9
31297,1
31297,7
31297,14
31297,22
31297,25
31297,39
31338,1
31338,29
31338,11
31338,26
31338,8
31338,19
31338,28
31339,1
31339,2
31339,4
31339,13
31339,27
31339,9
31339,30
31376,35
31376,4
31376,39
31376,17
31376,33
31404,10
31404,4
31404,26
31404,8
31404,28
31405,20
31405,13
31405,7
31442,1
31442,4
31442,9
31442,35
31442,39
31478,1
31478,4
31478,22
31478,30
31478,38
31478,39
31553,38
31553,7
31553,28
31580,1
31580,22
31580,14
31580,39
31580,30
31636,4
31636,33
31636,35
31637,1
31637,20
31637,2
31637,9
31646,7
31646,10
31646,30
31646,35
31704,1
31704,29
31704,4
31704,23
31704,38
31704,39
31722,1
31722,2
31722,8
31722,9
31722,17
31722,33
31722,39
31737,29
31737,11
31737,4
31737,39
31737,26
31737,8
31737,9
31737,28
31741,1
31741,2
31741,9
31741,17
31741,33
31757,1
31757,22
31757,39
31757,41
31758,1
31758,22
31758,39
31758,41
31764,1
31764,2
31764,9
31764,20
31765,1
31765,10
31765,2
31765,26
31765,9
31772,1
31772,29
31772,4
31772,23
31772,38
31772,39
31798,29
31798,7
31798,26
31859,1
31859,2
31859,7
31859,9
31904,1
31904,33
31904,38
31933,1
31933,2
31933,4
31933,39
31933,7
31933,33
31952,4
31952,26
31952,28
31952,30
31953,10
31953,35
31953,4
31964,1
31964,4
31964,28
31964,33
31964,38
31988,21
31988,28
31988,7
32093,35
32093,4
32093,28
32105,1
32105,39
32105,26
32105,9
32105,33
32182,1
32182,35
32182,4
32182,39
32188,29
32188,40
32189,1
32189,22
32189,14
32189,25
32262,11
32262,4
32262,39
32262,26
32262,8
32262,28
32268,4
32268,22
32268,39
32281,26
32281,39
32281,28
32281,7
32282,8
32282,28
32282,33
32379,1
32379,2
32379,6
32379,7
32379,9
32379,14
32379,20
32379,26
32379,30
32379,39
32380,2
32380,4
32380,39
32380,17
32380,9
32438,22
32438,4
32438,14
32438,25
32438,7
32542,35
32542,4
32542,28
32542,30
32615,1
32615,20
32615,17
32648,35
32648,4
32648,33
32686,1
32686,37
32686,8
32686,33
32729,29
32729,7
32729,26
32729,28
32729,31
32827,1
32827,22
32827,24
32827,25
32827,39
32827,40
32828,4
32828,35
32828,30
32867,1
32867,22
32867,30
32867,38
32867,39
32887,1
32887,2
32887,9
32899,11
32899,4
32899,26
32899,28
32899,31
32901,4
32901,7
32901,26
32901,8
32902,35
32902,17
32902,9
32902,33
32935,4
32935,37
32935,7
32935,28
32935,33
32937,2
32937,4
32937,23
32937,39
32937,17
32937,9
32949,7
32949,26
32949,28
32949,30
32951,1
32951,17
32951,9
32951,28
32995,4
32995,37
32998,1
32998,7
32998,13
33028,1
33028,22
33028,14
33028,25
33028,28
33161,4
33161,26
33161,28
33206,35
33206,4
33206,9
33253,1
33253,14
33253,22
33253,30
33253,39
33255,4
33255,28
33255,33
33255,35
33255,39
33352,35
33352,7
33352,9
33475,1
33475,4
33475,28
33475,33
33486,1
33486,4
33486,38
33486,28
33486,33
33487,4
33487,11
33487,26
33487,28
33487,33
33489,2
33489,4
33489,9
33489,17
33489,28
33502,29
33502,7
33502,26
33502,9
33506,1
33506,6
33506,39
33506,9
33506,33
33674,10
33674,39
33674,7
33674,26
33674,9
33731,4
33731,6
33731,39
33731,28
33731,33
33743,7
33743,8
33743,21
33743,26
33743,28
33743,33
33926,1
33926,10
33988,4
33988,41
33988,9
33988,28
33988,30
34096,1
34096,4
34096,13
34096,23
34096,27
34096,29
34096,33
34134,1
34134,29
34134,4
34134,23
34134,38
34134,39
34176,1
34176,2
34176,17
34176,9
34240,29
34240,21
34280,10
34280,4
34280,26
34280,28
34281,1
34281,4
34281,6
34281,8
34281,11
34281,26
34281,28
34321,1
34321,39
34321,17
34321,9
34382,7
34382,26
34382,28
34382,32
34403,4
34403,8
34403,26
34403,28
34403,33
34451,1
34451,4
34451,9
34451,33
34451,38
34451,39
34451,41
34497,2
34497,9
34497,11
34542,1
34542,7
34542,25
34542,29
34542,30
34561,1
34561,29
34561,9
34561,19
34577,1
34577,2
34577,9
34577,17
34577,33
34577,39
34599,29
34599,2
34599,22
34599,7
34599,9
34612,35
34612,4
34612,39
34612,28
34612,33
34618,35
34618,4
34626,17
34626,2
34626,9
34626,4
34626,39
34636,4
34636,7
34636,26
34636,28
34636,33
34636,37
34662,1
34662,39
34662,7
34662,17
34662,9
34798,35
34798,4
34822,26
34822,28
34881,4
34881,26
34881,28
34881,33
34902,4
34902,26
34902,28
34902,33
34914,10
34914,35
34914,4
34933,10
34933,22
34933,25
34933,7
34933,28
34933,33
34934,7
34934,26
34934,28
34984,26
34984,30
35062,35
35062,17
35062,9
35062,33
35073,1
35073,10
35073,2
35073,39
35073,17
35073,9
35076,1
35120,1
35120,5
35120,6
35120,14
35120,39
35180,7
35180,10
35180,30
35180,35
35203,2
35203,11
35203,4
35203,17
35203,26
35203,9
35247,22
35247,4
35247,39
35247,41
35363,35
35363,4
35363,9
35413,4
35413,26
35466,26
35466,28
35466,35
35507,35
35507,25
35507,7
35507,28
35557,1
35557,7
35557,9
35557,22
35557,30
35639,35
35639,7
35639,26
35639,28
35760,1
35760,20
35760,22
35760,38
35760,7
35760,9
35760,33
35788,8
35788,28
35788,33
35790,1
35790,2
35790,7
35790,9
35838,2
35838,22
35838,29
35838,35
35839,2
35839,4
35839,7
35849,1
35849,7
35849,19
35849,26
35849,29
35851,7
35851,9
35860,35
35860,4
35860,26
35860,28
35860,33
35968,4
35968,26
35968,35
35994,2
35994,14
35994,25
35994,40
36028,1
36028,2
36028,13
36028,30
36038,10
36038,4
36038,26
36098,7
36296,4
36296,29
36296,30
36296,35
36296,39
36407,1
36407,4
36407,17
36407,26
36407,9
36456,1
36456,4
36456,38
36456,28
36456,33
36474,1
36474,10
36474,2
36474,26
36474,9
36475,1
36475,9
36475,10
36475,20
36475,29
36511,1
36511,25
36511,39
36511,22
36511,7
36511,14
36511,30
36563,1
36563,29
36563,35
36563,37
36563,7
36649,1
36649,2
36649,7
36649,31
36882,1
36882,2
36882,9
36882,11
36896,1
36896,33
36896,38
36946,1
36946,2
36946,38
36946,18
36946,9
36946,33
36949,8
36949,28
36949,33
37086,7
37086,10
37086,22
37086,25
37086,28
37086,33
37095,7
37095,9
37095,35
37105,35
37105,4
37105,30
37141,4
37141,33
37171,4
37171,28
37210,4
37210,8
37210,9
37210,11
37210,17
37347,1
37347,2
37347,4
37347,26
37347,9
37349,1
37349,2
37349,9
37430,9
37430,33
37450,4
37450,39
37450,7
37450,26
37450,28
37475,1
37475,4
37475,26
37475,28
37475,33
37510,1
37510,35
37510,4
37510,39
37520,1
37520,2
37520,6
37520,13
37520,27
37520,33
37520,39
37521,1
37521,2
37521,7
37521,13
37521,30
37675,1
37675,17
37675,9
37675,10
37675,39
37779,29
37779,22
37779,14
37779,25
37779,40
37779,33
37799,1
37799,7
37799,14
37799,22
37799,25
37799,30
37799,39
37976,4
37976,21
37976,39
37982,7
37982,26
37982,28
37982,33
37991,1
37991,2
37991,33
37999,4
37999,25
37999,26
37999,28
37999,30
38000,1
38000,6
38000,13
38000,33
38000,39
38003,1
38003,22
38003,30
38003,38
38003,39
38040,2
38040,4
38040,9
38040,17
38040,23
38040,39
38101,11
38101,4
38101,26
38101,28
38101,33
38186,11
38186,4
38186,26
38186,28
38186,33
38329,39
38329,7
38329,26
38329,28
38408,1
38408,4
38408,38
38408,28
38408,33
38472,4
38472,9
38472,23
38483,11
38483,4
38483,26
38483,28
38524,1
38524,7
38524,9
38524,20
38524,22
38524,33
38524,38
38555,4
38555,7
38555,26
38555,9
38555,28
38656,1
38656,29
38656,22
38656,38
38656,33
38659,1
38659,2
38659,4
38659,9
38668,1
38668,4
38668,14
38668,17
38668,9
38668,30
38671,1
38671,39
38671,33
38680,4
38680,7
38680,26
38680,31
38680,35
38680,39
38691,29
38691,2
38691,33
38753,4
38753,7
38753,26
38753,28
38753,33
38790,1
38790,10
38790,29
38790,2
38790,4
38790,9
38826,35
38826,7
38826,26
38826,9
38883,4
38883,37
38883,7
38883,28
38883,33
39017,22
39017,6
39017,39
39017,26
39017,33
39195,35
39195,25
39195,7
39195,33
39198,29
39198,2
39198,36
39198,33
39547,35
39547,4
39547,7
39547,26
39547,28
39587,25
39587,7
39587,40
39587,9
39597,1
39597,10
39597,2
39597,26
39597,9
39701,1
39701,2
39701,39
39701,17
39701,9
39701,33
39940,8
39940,28
39940,33
40010,4
40010,8
40010,9
40221,1
40221,2
40221,22
40221,7
40221,9
40454,1
40454,2
40454,4
40454,26
40454,9
40496,1
40496,6
40496,17
40496,9
40496,28
40540,1
40540,10
40540,2
40540,26
40540,9
40591,4
40591,25
40591,26
40591,28
40591,30
40776,4
40776,37
40776,7
40776,28
40776,33
40839,4
40839,26
40839,28
40839,33
41353,1
41353,29
41353,2
41353,4
41353,39
41353,18
41353,9
41389,4
41389,26
41389,33
